strike,rnd,timestamp
55000,0.00000000,2025-03-21 16:00:00+00:00
60000,0.00000000,2025-03-21 16:00:00+00:00
65000,0.00000001,2025-03-21 16:00:00+00:00
75000,0.00000010,2025-03-21 16:00:00+00:00
76000,0.00000103,2025-03-21 16:00:00+00:00
78000,0.00000629,2025-03-21 16:00:00+00:00
80000,0.00006395,2025-03-21 16:00:00+00:00
83000,0.00019300,2025-03-21 16:00:00+00:00
84000,0.00000000,2025-03-21 16:00:00+00:00
85000,0.00009656,2025-03-21 16:00:00+00:00
86000,0.00013857,2025-03-21 16:00:00+00:00
88000,0.00003955,2025-03-21 16:00:00+00:00
92000,0.00000452,2025-03-21 16:00:00+00:00
95000,0.00000023,2025-03-21 16:00:00+00:00
96000,0.00000002,2025-03-21 16:00:00+00:00
100000,0.00000000,2025-03-21 16:00:00+00:00
102000,0.00000000,2025-03-21 16:00:00+00:00
130000,0.00000000,2025-03-21 16:00:00+00:00
80000,0.00000000,2025-03-21 17:00:00+00:00
82000,0.00025121,2025-03-21 17:00:00+00:00
83000,0.00000000,2025-03-21 17:00:00+00:00
85000,0.00000000,2025-03-21 17:00:00+00:00
86000,0.00036421,2025-03-21 17:00:00+00:00
88000,0.00003695,2025-03-21 17:00:00+00:00
90000,0.00000142,2025-03-21 17:00:00+00:00
92000,0.00000006,2025-03-21 17:00:00+00:00
94000,0.00000000,2025-03-21 17:00:00+00:00
95000,0.00000000,2025-03-21 17:00:00+00:00
75000,0.00000000,2025-03-21 18:00:00+00:00
76000,0.00000014,2025-03-21 18:00:00+00:00
80000,0.00007232,2025-03-21 18:00:00+00:00
84000,0.00000000,2025-03-21 18:00:00+00:00
85000,0.00036517,2025-03-21 18:00:00+00:00
86000,0.00019629,2025-03-21 18:00:00+00:00
88000,0.00002461,2025-03-21 18:00:00+00:00
90000,0.00000075,2025-03-21 18:00:00+00:00
92000,0.00000002,2025-03-21 18:00:00+00:00
93000,0.00000000,2025-03-21 18:00:00+00:00
94000,0.00000000,2025-03-21 18:00:00+00:00
96000,0.00000000,2025-03-21 18:00:00+00:00
60000,0.00000000,2025-03-21 19:00:00+00:00
75000,0.00000072,2025-03-21 19:00:00+00:00
80000,0.00002505,2025-03-21 19:00:00+00:00
82000,0.00013113,2025-03-21 19:00:00+00:00
83000,0.00018633,2025-03-21 19:00:00+00:00
84000,0.00000000,2025-03-21 19:00:00+00:00
85000,0.00024264,2025-03-21 19:00:00+00:00
86000,0.00012906,2025-03-21 19:00:00+00:00
88000,0.00003778,2025-03-21 19:00:00+00:00
90000,0.00000285,2025-03-21 19:00:00+00:00
95000,0.00000013,2025-03-21 19:00:00+00:00
96000,0.00000000,2025-03-21 19:00:00+00:00
70000,0.00000000,2025-03-21 20:00:00+00:00
75000,0.00000000,2025-03-21 20:00:00+00:00
76000,0.00000000,2025-03-21 20:00:00+00:00
78000,0.00000008,2025-03-21 20:00:00+00:00
80000,0.00000782,2025-03-21 20:00:00+00:00
82000,0.00024443,2025-03-21 20:00:00+00:00
84000,0.00000000,2025-03-21 20:00:00+00:00
85000,0.00008487,2025-03-21 20:00:00+00:00
86000,0.00022997,2025-03-21 20:00:00+00:00
88000,0.00003166,2025-03-21 20:00:00+00:00
90000,0.00000107,2025-03-21 20:00:00+00:00
92000,0.00000003,2025-03-21 20:00:00+00:00
93000,0.00000000,2025-03-21 20:00:00+00:00
96000,0.00000000,2025-03-21 20:00:00+00:00
65000,0.00000000,2025-03-21 21:00:00+00:00
70000,0.00000006,2025-03-21 21:00:00+00:00
76000,0.00000173,2025-03-21 21:00:00+00:00
80000,0.00002575,2025-03-21 21:00:00+00:00
82000,0.00012329,2025-03-21 21:00:00+00:00
83000,0.00025624,2025-03-21 21:00:00+00:00
84000,0.00000000,2025-03-21 21:00:00+00:00
85000,0.00000000,2025-03-21 21:00:00+00:00
86000,0.00020326,2025-03-21 21:00:00+00:00
88000,0.00007112,2025-03-21 21:00:00+00:00
90000,0.00001136,2025-03-21 21:00:00+00:00
92000,0.00000126,2025-03-21 21:00:00+00:00
94000,0.00000015,2025-03-21 21:00:00+00:00
95000,0.00000002,2025-03-21 21:00:00+00:00
96000,0.00000000,2025-03-21 21:00:00+00:00
125000,0.00000000,2025-03-21 21:00:00+00:00
60000,0.00000000,2025-03-21 22:00:00+00:00
80000,0.00003321,2025-03-21 22:00:00+00:00
84000,0.00000000,2025-03-21 22:00:00+00:00
85000,0.00000000,2025-03-21 22:00:00+00:00
86000,0.00014612,2025-03-21 22:00:00+00:00
92000,0.00001498,2025-03-21 22:00:00+00:00
98000,0.00000002,2025-03-21 22:00:00+00:00
106000,0.00000000,2025-03-21 22:00:00+00:00
60000,0.00000000,2025-03-21 23:00:00+00:00
70000,0.00000001,2025-03-21 23:00:00+00:00
72000,0.00000014,2025-03-21 23:00:00+00:00
76000,0.00000123,2025-03-21 23:00:00+00:00
78000,0.00001223,2025-03-21 23:00:00+00:00
80000,0.00008591,2025-03-21 23:00:00+00:00
82000,0.00002855,2025-03-21 23:00:00+00:00
85000,0.00000000,2025-03-21 23:00:00+00:00
86000,0.00032487,2025-03-21 23:00:00+00:00
88000,0.00007424,2025-03-21 23:00:00+00:00
92000,0.00000214,2025-03-21 23:00:00+00:00
105000,0.00000000,2025-03-21 23:00:00+00:00
60000,0.00000000,2025-03-22 00:00:00+00:00
80000,0.00005374,2025-03-22 00:00:00+00:00
83000,0.00000000,2025-03-22 00:00:00+00:00
88000,0.00008407,2025-03-22 00:00:00+00:00
90000,0.00003907,2025-03-22 00:00:00+00:00
92000,0.00000241,2025-03-22 00:00:00+00:00
98000,0.00000000,2025-03-22 00:00:00+00:00
60000,0.00000000,2025-03-22 01:00:00+00:00
75000,0.00000005,2025-03-22 01:00:00+00:00
76000,0.00000083,2025-03-22 01:00:00+00:00
78000,0.00000494,2025-03-22 01:00:00+00:00
80000,0.00003647,2025-03-22 01:00:00+00:00
82000,0.00013058,2025-03-22 01:00:00+00:00
83000,0.00025531,2025-03-22 01:00:00+00:00
84000,0.00000000,2025-03-22 01:00:00+00:00
85000,0.00015656,2025-03-22 01:00:00+00:00
86000,0.00014350,2025-03-22 01:00:00+00:00
88000,0.00003085,2025-03-22 01:00:00+00:00
92000,0.00000000,2025-03-22 01:00:00+00:00
50000,0.00000000,2025-03-22 02:00:00+00:00
60000,0.00000001,2025-03-22 02:00:00+00:00
70000,0.00000375,2025-03-22 02:00:00+00:00
82000,0.00006998,2025-03-22 02:00:00+00:00
84000,0.00000000,2025-03-22 02:00:00+00:00
86000,0.00009178,2025-03-22 02:00:00+00:00
92000,0.00001452,2025-03-22 02:00:00+00:00
100000,0.00000000,2025-03-22 02:00:00+00:00
70000,0.00000000,2025-03-22 03:00:00+00:00
76000,0.00000823,2025-03-22 03:00:00+00:00
82000,0.00009916,2025-03-22 03:00:00+00:00
83000,0.00000000,2025-03-22 03:00:00+00:00
85000,0.00000000,2025-03-22 03:00:00+00:00
86000,0.00027960,2025-03-22 03:00:00+00:00
88000,0.00008145,2025-03-22 03:00:00+00:00
90000,0.00000676,2025-03-22 03:00:00+00:00
94000,0.00000037,2025-03-22 03:00:00+00:00
95000,0.00000001,2025-03-22 03:00:00+00:00
96000,0.00000000,2025-03-22 03:00:00+00:00
98000,0.00000000,2025-03-22 03:00:00+00:00
104000,0.00000000,2025-03-22 03:00:00+00:00
115000,0.00000000,2025-03-22 03:00:00+00:00
60000,0.00000000,2025-03-22 04:00:00+00:00
82000,0.00003788,2025-03-22 04:00:00+00:00
84000,0.00000000,2025-03-22 04:00:00+00:00
85000,0.00000000,2025-03-22 04:00:00+00:00
86000,0.00022623,2025-03-22 04:00:00+00:00
88000,0.00008652,2025-03-22 04:00:00+00:00
90000,0.00000472,2025-03-22 04:00:00+00:00
102000,0.00000000,2025-03-22 04:00:00+00:00
65000,0.00000000,2025-03-22 05:00:00+00:00
70000,0.00000381,2025-03-22 05:00:00+00:00
82000,0.00006716,2025-03-22 05:00:00+00:00
84000,0.00000000,2025-03-22 05:00:00+00:00
86000,0.00015283,2025-03-22 05:00:00+00:00
88000,0.00006269,2025-03-22 05:00:00+00:00
92000,0.00000150,2025-03-22 05:00:00+00:00
93000,0.00000000,2025-03-22 05:00:00+00:00
95000,0.00000000,2025-03-22 05:00:00+00:00
96000,0.00000000,2025-03-22 05:00:00+00:00
130000,0.00000000,2025-03-22 05:00:00+00:00
160000,0.00000000,2025-03-22 05:00:00+00:00
55000,0.00000000,2025-03-22 06:00:00+00:00
78000,0.00000231,2025-03-22 06:00:00+00:00
80000,0.00005058,2025-03-22 06:00:00+00:00
82000,0.00017037,2025-03-22 06:00:00+00:00
84000,0.00000000,2025-03-22 06:00:00+00:00
85000,0.00000000,2025-03-22 06:00:00+00:00
86000,0.00021412,2025-03-22 06:00:00+00:00
88000,0.00006230,2025-03-22 06:00:00+00:00
92000,0.00000817,2025-03-22 06:00:00+00:00
93000,0.00000053,2025-03-22 06:00:00+00:00
94000,0.00000017,2025-03-22 06:00:00+00:00
95000,0.00000000,2025-03-22 06:00:00+00:00
60000,0.00000000,2025-03-22 07:00:00+00:00
70000,0.00000000,2025-03-22 07:00:00+00:00
75000,0.00000000,2025-03-22 07:00:00+00:00
76000,0.00000000,2025-03-22 07:00:00+00:00
78000,0.00000010,2025-03-22 07:00:00+00:00
80000,0.00002361,2025-03-22 07:00:00+00:00
82000,0.00024569,2025-03-22 07:00:00+00:00
84000,0.00000000,2025-03-22 07:00:00+00:00
85000,0.00000000,2025-03-22 07:00:00+00:00
86000,0.00018865,2025-03-22 07:00:00+00:00
88000,0.00002022,2025-03-22 07:00:00+00:00
103000,0.00000080,2025-03-22 07:00:00+00:00
104000,0.00000000,2025-03-22 07:00:00+00:00
75000,0.00000000,2025-03-22 08:00:00+00:00
76000,0.00000065,2025-03-22 08:00:00+00:00
80000,0.00001280,2025-03-22 08:00:00+00:00
82000,0.00012603,2025-03-22 08:00:00+00:00
83000,0.00039105,2025-03-22 08:00:00+00:00
84000,0.00000000,2025-03-22 08:00:00+00:00
86000,0.00011190,2025-03-22 08:00:00+00:00
90000,0.00001463,2025-03-22 08:00:00+00:00
92000,0.00000011,2025-03-22 08:00:00+00:00
95000,0.00000000,2025-03-22 08:00:00+00:00
96000,0.00000000,2025-03-22 08:00:00+00:00
98000,0.00000000,2025-03-22 08:00:00+00:00
100000,0.00000000,2025-03-22 08:00:00+00:00
105000,0.00000000,2025-03-22 08:00:00+00:00
55000,0.00000000,2025-03-22 09:00:00+00:00
60000,0.00000000,2025-03-22 09:00:00+00:00
65000,0.00000000,2025-03-22 09:00:00+00:00
75000,0.00000000,2025-03-22 09:00:00+00:00
76000,0.00000000,2025-03-22 09:00:00+00:00
78000,0.00000001,2025-03-22 09:00:00+00:00
80000,0.00000492,2025-03-22 09:00:00+00:00
82000,0.00012553,2025-03-22 09:00:00+00:00
83000,0.00041052,2025-03-22 09:00:00+00:00
84000,0.00000000,2025-03-22 09:00:00+00:00
85000,0.00000000,2025-03-22 09:00:00+00:00
86000,0.00016683,2025-03-22 09:00:00+00:00
88000,0.00005621,2025-03-22 09:00:00+00:00
90000,0.00000851,2025-03-22 09:00:00+00:00
94000,0.00000061,2025-03-22 09:00:00+00:00
100000,0.00000001,2025-03-22 09:00:00+00:00
104000,0.00000000,2025-03-22 09:00:00+00:00
105000,0.00000000,2025-03-22 09:00:00+00:00
110000,0.00000000,2025-03-22 09:00:00+00:00
65000,0.00000000,2025-03-22 10:00:00+00:00
70000,0.00000048,2025-03-22 10:00:00+00:00
80000,0.00002174,2025-03-22 10:00:00+00:00
83000,0.00018638,2025-03-22 10:00:00+00:00
84000,0.00000000,2025-03-22 10:00:00+00:00
85000,0.00000000,2025-03-22 10:00:00+00:00
86000,0.00021116,2025-03-22 10:00:00+00:00
88000,0.00003526,2025-03-22 10:00:00+00:00
95000,0.00000099,2025-03-22 10:00:00+00:00
102000,0.00000000,2025-03-22 10:00:00+00:00
106000,0.00000000,2025-03-22 10:00:00+00:00
108000,0.00000000,2025-03-22 10:00:00+00:00
72000,0.00000000,2025-03-22 11:00:00+00:00
75000,0.00000366,2025-03-22 11:00:00+00:00
82000,0.00011387,2025-03-22 11:00:00+00:00
84000,0.00000000,2025-03-22 11:00:00+00:00
86000,0.00017630,2025-03-22 11:00:00+00:00
88000,0.00005413,2025-03-22 11:00:00+00:00
90000,0.00000327,2025-03-22 11:00:00+00:00
93000,0.00000003,2025-03-22 11:00:00+00:00
106000,0.00000000,2025-03-22 11:00:00+00:00
75000,0.00000000,2025-03-22 12:00:00+00:00
76000,0.00000409,2025-03-22 12:00:00+00:00
80000,0.00008105,2025-03-22 12:00:00+00:00
85000,0.00000000,2025-03-22 12:00:00+00:00
88000,0.00017507,2025-03-22 12:00:00+00:00
92000,0.00000350,2025-03-22 12:00:00+00:00
95000,0.00000002,2025-03-22 12:00:00+00:00
96000,0.00000000,2025-03-22 12:00:00+00:00
102000,0.00000000,2025-03-22 12:00:00+00:00
103000,0.00000000,2025-03-22 12:00:00+00:00
60000,0.00000000,2025-03-22 13:00:00+00:00
75000,0.00000019,2025-03-22 13:00:00+00:00
78000,0.00000507,2025-03-22 13:00:00+00:00
80000,0.00004054,2025-03-22 13:00:00+00:00
82000,0.00014090,2025-03-22 13:00:00+00:00
83000,0.00027963,2025-03-22 13:00:00+00:00
84000,0.00000000,2025-03-22 13:00:00+00:00
86000,0.00014289,2025-03-22 13:00:00+00:00
88000,0.00005578,2025-03-22 13:00:00+00:00
90000,0.00000745,2025-03-22 13:00:00+00:00
92000,0.00000054,2025-03-22 13:00:00+00:00
95000,0.00000000,2025-03-22 13:00:00+00:00
60000,0.00000000,2025-03-22 14:00:00+00:00
65000,0.00000000,2025-03-22 14:00:00+00:00
70000,0.00000000,2025-03-22 14:00:00+00:00
72000,0.00000002,2025-03-22 14:00:00+00:00
75000,0.00000009,2025-03-22 14:00:00+00:00
76000,0.00000057,2025-03-22 14:00:00+00:00
78000,0.00000449,2025-03-22 14:00:00+00:00
80000,0.00004054,2025-03-22 14:00:00+00:00
82000,0.00017911,2025-03-22 14:00:00+00:00
84000,0.00000000,2025-03-22 14:00:00+00:00
85000,0.00024145,2025-03-22 14:00:00+00:00
86000,0.00013668,2025-03-22 14:00:00+00:00
88000,0.00004417,2025-03-22 14:00:00+00:00
90000,0.00000700,2025-03-22 14:00:00+00:00
92000,0.00000027,2025-03-22 14:00:00+00:00
103000,0.00000001,2025-03-22 14:00:00+00:00
104000,0.00000000,2025-03-22 14:00:00+00:00
80000,0.00000000,2025-03-22 16:00:00+00:00
82000,0.00022216,2025-03-22 16:00:00+00:00
84000,0.00000000,2025-03-22 16:00:00+00:00
86000,0.00016079,2025-03-22 16:00:00+00:00
90000,0.00001612,2025-03-22 16:00:00+00:00
95000,0.00000020,2025-03-22 16:00:00+00:00
98000,0.00000000,2025-03-22 16:00:00+00:00
105000,0.00000000,2025-03-22 16:00:00+00:00
106000,0.00000000,2025-03-22 16:00:00+00:00
108000,0.00000000,2025-03-22 16:00:00+00:00
110000,0.00000000,2025-03-22 16:00:00+00:00
76000,0.00000000,2025-03-22 17:00:00+00:00
78000,0.00000077,2025-03-22 17:00:00+00:00
80000,0.00001885,2025-03-22 17:00:00+00:00
82000,0.00025077,2025-03-22 17:00:00+00:00
84000,0.00000000,2025-03-22 17:00:00+00:00
86000,0.00017293,2025-03-22 17:00:00+00:00
88000,0.00005214,2025-03-22 17:00:00+00:00
90000,0.00000107,2025-03-22 17:00:00+00:00
105000,0.00000000,2025-03-22 17:00:00+00:00
84000,0.00000000,2025-03-22 18:00:00+00:00
85000,0.00024514,2025-03-22 18:00:00+00:00
86000,0.00045148,2025-03-22 18:00:00+00:00
88000,0.00002550,2025-03-22 18:00:00+00:00
92000,0.00000046,2025-03-22 18:00:00+00:00
93000,0.00000000,2025-03-22 18:00:00+00:00
78000,0.00000000,2025-03-22 20:00:00+00:00
82000,0.00016925,2025-03-22 20:00:00+00:00
84000,0.00000000,2025-03-22 20:00:00+00:00
86000,0.00015864,2025-03-22 20:00:00+00:00
90000,0.00000544,2025-03-22 20:00:00+00:00
92000,0.00000001,2025-03-22 20:00:00+00:00
94000,0.00000000,2025-03-22 20:00:00+00:00
78000,0.00000000,2025-03-22 21:00:00+00:00
82000,0.00001998,2025-03-22 21:00:00+00:00
83000,0.00047695,2025-03-22 21:00:00+00:00
84000,0.00000000,2025-03-22 21:00:00+00:00
85000,0.00038843,2025-03-22 21:00:00+00:00
86000,0.00005645,2025-03-22 21:00:00+00:00
88000,0.00000000,2025-03-22 21:00:00+00:00
80000,0.00000000,2025-03-22 23:00:00+00:00
82000,0.00015685,2025-03-22 23:00:00+00:00
83000,0.00021730,2025-03-22 23:00:00+00:00
84000,0.00000000,2025-03-22 23:00:00+00:00
85000,0.00034674,2025-03-22 23:00:00+00:00
86000,0.00007159,2025-03-22 23:00:00+00:00
90000,0.00000716,2025-03-22 23:00:00+00:00
92000,0.00000005,2025-03-22 23:00:00+00:00
100000,0.00000000,2025-03-22 23:00:00+00:00
102000,0.00000000,2025-03-22 23:00:00+00:00
60000,0.00000000,2025-03-23 00:00:00+00:00
65000,0.00000000,2025-03-23 00:00:00+00:00
72000,0.00000181,2025-03-23 00:00:00+00:00
82000,0.00004368,2025-03-23 00:00:00+00:00
83000,0.00025796,2025-03-23 00:00:00+00:00
84000,0.00000000,2025-03-23 00:00:00+00:00
85000,0.00024808,2025-03-23 00:00:00+00:00
86000,0.00005958,2025-03-23 00:00:00+00:00
93000,0.00000000,2025-03-23 00:00:00+00:00
70000,0.00000000,2025-03-23 02:00:00+00:00
76000,0.00000013,2025-03-23 02:00:00+00:00
78000,0.00001102,2025-03-23 02:00:00+00:00
82000,0.00010637,2025-03-23 02:00:00+00:00
83000,0.00041735,2025-03-23 02:00:00+00:00
84000,0.00000000,2025-03-23 02:00:00+00:00
88000,0.00009130,2025-03-23 02:00:00+00:00
90000,0.00000357,2025-03-23 02:00:00+00:00
93000,0.00000006,2025-03-23 02:00:00+00:00
102000,0.00000000,2025-03-23 02:00:00+00:00
103000,0.00000000,2025-03-23 02:00:00+00:00
60000,0.00000000,2025-03-23 03:00:00+00:00
85000,0.00000000,2025-03-23 03:00:00+00:00
86000,0.00045052,2025-03-23 03:00:00+00:00
88000,0.00006290,2025-03-23 03:00:00+00:00
96000,0.00000194,2025-03-23 03:00:00+00:00
98000,0.00000000,2025-03-23 03:00:00+00:00
100000,0.00000000,2025-03-23 03:00:00+00:00
102000,0.00000000,2025-03-23 03:00:00+00:00
103000,0.00000000,2025-03-23 03:00:00+00:00
80000,0.00000000,2025-03-23 04:00:00+00:00
82000,0.00008902,2025-03-23 04:00:00+00:00
85000,0.00000000,2025-03-23 04:00:00+00:00
86000,0.00018098,2025-03-23 04:00:00+00:00
93000,0.00000669,2025-03-23 04:00:00+00:00
102000,0.00000000,2025-03-23 04:00:00+00:00
75000,0.00000000,2025-03-23 05:00:00+00:00
78000,0.00000066,2025-03-23 05:00:00+00:00
80000,0.00001941,2025-03-23 05:00:00+00:00
82000,0.00024979,2025-03-23 05:00:00+00:00
84000,0.00000000,2025-03-23 05:00:00+00:00
85000,0.00011515,2025-03-23 05:00:00+00:00
88000,0.00004545,2025-03-23 05:00:00+00:00
95000,0.00000032,2025-03-23 05:00:00+00:00
103000,0.00000000,2025-03-23 05:00:00+00:00
70000,0.00000000,2025-03-23 06:00:00+00:00
78000,0.00001448,2025-03-23 06:00:00+00:00
82000,0.00027811,2025-03-23 06:00:00+00:00
83000,0.00000000,2025-03-23 06:00:00+00:00
88000,0.00004588,2025-03-23 06:00:00+00:00
92000,0.00000227,2025-03-23 06:00:00+00:00
98000,0.00000000,2025-03-23 06:00:00+00:00
100000,0.00000000,2025-03-23 06:00:00+00:00
65000,0.00000000,2025-03-23 07:00:00+00:00
72000,0.00000001,2025-03-23 07:00:00+00:00
76000,0.00000070,2025-03-23 07:00:00+00:00
80000,0.00001979,2025-03-23 07:00:00+00:00
82000,0.00013813,2025-03-23 07:00:00+00:00
83000,0.00033097,2025-03-23 07:00:00+00:00
84000,0.00000000,2025-03-23 07:00:00+00:00
85000,0.00000000,2025-03-23 07:00:00+00:00
86000,0.00008881,2025-03-23 07:00:00+00:00
94000,0.00000000,2025-03-23 07:00:00+00:00
60000,0.00000000,2025-03-23 08:00:00+00:00
75000,0.00000000,2025-03-23 08:00:00+00:00
76000,0.00000001,2025-03-23 08:00:00+00:00
78000,0.00012285,2025-03-23 08:00:00+00:00
84000,0.00000000,2025-03-23 08:00:00+00:00
85000,0.00000000,2025-03-23 08:00:00+00:00
90000,0.00014030,2025-03-23 08:00:00+00:00
92000,0.00000726,2025-03-23 08:00:00+00:00
94000,0.00000071,2025-03-23 08:00:00+00:00
100000,0.00000003,2025-03-23 08:00:00+00:00
106000,0.00000000,2025-03-23 08:00:00+00:00
110000,0.00000000,2025-03-23 08:00:00+00:00
60000,0.00000000,2025-03-23 09:00:00+00:00
75000,0.00000006,2025-03-23 09:00:00+00:00
76000,0.00000090,2025-03-23 09:00:00+00:00
78000,0.00000496,2025-03-23 09:00:00+00:00
80000,0.00005404,2025-03-23 09:00:00+00:00
83000,0.00020226,2025-03-23 09:00:00+00:00
84000,0.00000000,2025-03-23 09:00:00+00:00
85000,0.00000000,2025-03-23 09:00:00+00:00
86000,0.00014619,2025-03-23 09:00:00+00:00
90000,0.00002344,2025-03-23 09:00:00+00:00
93000,0.00000055,2025-03-23 09:00:00+00:00
94000,0.00000003,2025-03-23 09:00:00+00:00
95000,0.00000001,2025-03-23 09:00:00+00:00
96000,0.00000000,2025-03-23 09:00:00+00:00
60000,0.00000000,2025-03-23 10:00:00+00:00
75000,0.00000076,2025-03-23 10:00:00+00:00
80000,0.00002663,2025-03-23 10:00:00+00:00
82000,0.00015102,2025-03-23 10:00:00+00:00
83000,0.00032086,2025-03-23 10:00:00+00:00
84000,0.00000000,2025-03-23 10:00:00+00:00
86000,0.00006503,2025-03-23 10:00:00+00:00
88000,0.00009519,2025-03-23 10:00:00+00:00
90000,0.00001423,2025-03-23 10:00:00+00:00
92000,0.00000072,2025-03-23 10:00:00+00:00
98000,0.00000000,2025-03-23 10:00:00+00:00
60000,0.00000000,2025-03-23 11:00:00+00:00
75000,0.00000004,2025-03-23 11:00:00+00:00
76000,0.00000063,2025-03-23 11:00:00+00:00
78000,0.00000338,2025-03-23 11:00:00+00:00
80000,0.00002474,2025-03-23 11:00:00+00:00
82000,0.00009949,2025-03-23 11:00:00+00:00
83000,0.00023488,2025-03-23 11:00:00+00:00
84000,0.00000000,2025-03-23 11:00:00+00:00
85000,0.00000000,2025-03-23 11:00:00+00:00
86000,0.00023911,2025-03-23 11:00:00+00:00
88000,0.00008557,2025-03-23 11:00:00+00:00
90000,0.00000690,2025-03-23 11:00:00+00:00
96000,0.00000024,2025-03-23 11:00:00+00:00
98000,0.00000000,2025-03-23 11:00:00+00:00
100000,0.00000000,2025-03-23 11:00:00+00:00
75000,0.00000000,2025-03-23 12:00:00+00:00
82000,0.00007835,2025-03-23 12:00:00+00:00
84000,0.00010094,2025-03-23 12:00:00+00:00
85000,0.00000000,2025-03-23 12:00:00+00:00
86000,0.00017534,2025-03-23 12:00:00+00:00
88000,0.00007662,2025-03-23 12:00:00+00:00
90000,0.00002614,2025-03-23 12:00:00+00:00
92000,0.00000891,2025-03-23 12:00:00+00:00
94000,0.00000309,2025-03-23 12:00:00+00:00
96000,0.00000086,2025-03-23 12:00:00+00:00
100000,0.00000012,2025-03-23 12:00:00+00:00
110000,0.00000000,2025-03-23 12:00:00+00:00
140000,0.00000000,2025-03-23 12:00:00+00:00
55000,0.00000000,2025-03-23 13:00:00+00:00
60000,0.00000000,2025-03-23 13:00:00+00:00
65000,0.00000000,2025-03-23 13:00:00+00:00
70000,0.00000000,2025-03-23 13:00:00+00:00
75000,0.00000000,2025-03-23 13:00:00+00:00
76000,0.00000000,2025-03-23 13:00:00+00:00
78000,0.00000000,2025-03-23 13:00:00+00:00
80000,0.00000002,2025-03-23 13:00:00+00:00
82000,0.00001126,2025-03-23 13:00:00+00:00
83000,0.00018466,2025-03-23 13:00:00+00:00
84000,0.00041513,2025-03-23 13:00:00+00:00
85000,0.00000000,2025-03-23 13:00:00+00:00
86000,0.00013160,2025-03-23 13:00:00+00:00
88000,0.00007606,2025-03-23 13:00:00+00:00
90000,0.00001022,2025-03-23 13:00:00+00:00
94000,0.00000117,2025-03-23 13:00:00+00:00
95000,0.00000011,2025-03-23 13:00:00+00:00
96000,0.00000002,2025-03-23 13:00:00+00:00
100000,0.00000000,2025-03-23 13:00:00+00:00
103000,0.00000000,2025-03-23 13:00:00+00:00
75000,0.00000000,2025-03-23 14:00:00+00:00
78000,0.00000001,2025-03-23 14:00:00+00:00
80000,0.00000087,2025-03-23 14:00:00+00:00
82000,0.00002023,2025-03-23 14:00:00+00:00
83000,0.00017103,2025-03-23 14:00:00+00:00
84000,0.00028592,2025-03-23 14:00:00+00:00
85000,0.00000000,2025-03-23 14:00:00+00:00
86000,0.00027143,2025-03-23 14:00:00+00:00
88000,0.00004960,2025-03-23 14:00:00+00:00
90000,0.00000224,2025-03-23 14:00:00+00:00
92000,0.00000007,2025-03-23 14:00:00+00:00
93000,0.00000000,2025-03-23 14:00:00+00:00
98000,0.00000000,2025-03-23 14:00:00+00:00
60000,0.00000000,2025-03-23 15:00:00+00:00
65000,0.00000001,2025-03-23 15:00:00+00:00
76000,0.00000011,2025-03-23 15:00:00+00:00
78000,0.00000186,2025-03-23 15:00:00+00:00
80000,0.00001460,2025-03-23 15:00:00+00:00
82000,0.00006565,2025-03-23 15:00:00+00:00
83000,0.00017689,2025-03-23 15:00:00+00:00
84000,0.00029075,2025-03-23 15:00:00+00:00
85000,0.00000000,2025-03-23 15:00:00+00:00
86000,0.00006835,2025-03-23 15:00:00+00:00
88000,0.00012158,2025-03-23 15:00:00+00:00
90000,0.00002395,2025-03-23 15:00:00+00:00
92000,0.00000376,2025-03-23 15:00:00+00:00
93000,0.00000069,2025-03-23 15:00:00+00:00
94000,0.00000008,2025-03-23 15:00:00+00:00
100000,0.00000001,2025-03-23 15:00:00+00:00
102000,0.00000000,2025-03-23 15:00:00+00:00
110000,0.00000000,2025-03-23 15:00:00+00:00
60000,0.00000000,2025-03-23 16:00:00+00:00
70000,0.00000001,2025-03-23 16:00:00+00:00
75000,0.00000008,2025-03-23 16:00:00+00:00
76000,0.00000121,2025-03-23 16:00:00+00:00
80000,0.00001202,2025-03-23 16:00:00+00:00
82000,0.00010008,2025-03-23 16:00:00+00:00
84000,0.00026644,2025-03-23 16:00:00+00:00
85000,0.00000000,2025-03-23 16:00:00+00:00
86000,0.00000678,2025-03-23 16:00:00+00:00
88000,0.00014253,2025-03-23 16:00:00+00:00
90000,0.00002888,2025-03-23 16:00:00+00:00
92000,0.00000293,2025-03-23 16:00:00+00:00
95000,0.00000013,2025-03-23 16:00:00+00:00
100000,0.00000000,2025-03-23 16:00:00+00:00
105000,0.00000000,2025-03-23 16:00:00+00:00
76000,0.00000000,2025-03-23 17:00:00+00:00
80000,0.00000983,2025-03-23 17:00:00+00:00
83000,0.00009896,2025-03-23 17:00:00+00:00
84000,0.00028990,2025-03-23 17:00:00+00:00
85000,0.00000000,2025-03-23 17:00:00+00:00
86000,0.00020597,2025-03-23 17:00:00+00:00
88000,0.00007310,2025-03-23 17:00:00+00:00
90000,0.00000206,2025-03-23 17:00:00+00:00
110000,0.00000000,2025-03-23 17:00:00+00:00
60000,0.00000000,2025-03-23 18:00:00+00:00
72000,0.00000001,2025-03-23 18:00:00+00:00
75000,0.00000026,2025-03-23 18:00:00+00:00
78000,0.00000246,2025-03-23 18:00:00+00:00
80000,0.00004983,2025-03-23 18:00:00+00:00
84000,0.00018252,2025-03-23 18:00:00+00:00
85000,0.00000000,2025-03-23 18:00:00+00:00
88000,0.00013801,2025-03-23 18:00:00+00:00
90000,0.00000821,2025-03-23 18:00:00+00:00
98000,0.00000023,2025-03-23 18:00:00+00:00
100000,0.00000000,2025-03-23 18:00:00+00:00
70000,0.00000000,2025-03-23 19:00:00+00:00
72000,0.00000001,2025-03-23 19:00:00+00:00
75000,0.00000013,2025-03-23 19:00:00+00:00
78000,0.00001032,2025-03-23 19:00:00+00:00
82000,0.00019932,2025-03-23 19:00:00+00:00
84000,0.00000000,2025-03-23 19:00:00+00:00
86000,0.00000000,2025-03-23 19:00:00+00:00
90000,0.00012026,2025-03-23 19:00:00+00:00
92000,0.00000078,2025-03-23 19:00:00+00:00
102000,0.00000001,2025-03-23 19:00:00+00:00
103000,0.00000000,2025-03-23 19:00:00+00:00
70000,0.00000000,2025-03-23 20:00:00+00:00
75000,0.00000012,2025-03-23 20:00:00+00:00
80000,0.00001990,2025-03-23 20:00:00+00:00
84000,0.00018193,2025-03-23 20:00:00+00:00
85000,0.00000000,2025-03-23 20:00:00+00:00
86000,0.00009757,2025-03-23 20:00:00+00:00
93000,0.00000925,2025-03-23 20:00:00+00:00
100000,0.00000000,2025-03-23 20:00:00+00:00
103000,0.00000000,2025-03-23 20:00:00+00:00
83000,0.00000000,2025-03-23 21:00:00+00:00
84000,0.00058859,2025-03-23 21:00:00+00:00
85000,0.00000000,2025-03-23 21:00:00+00:00
86000,0.00020481,2025-03-23 21:00:00+00:00
88000,0.00005148,2025-03-23 21:00:00+00:00
90000,0.00000061,2025-03-23 21:00:00+00:00
92000,0.00000000,2025-03-23 21:00:00+00:00
76000,0.00000000,2025-03-23 22:00:00+00:00
80000,0.00000008,2025-03-23 22:00:00+00:00
82000,0.00003546,2025-03-23 22:00:00+00:00
84000,0.00042576,2025-03-23 22:00:00+00:00
85000,0.00000000,2025-03-23 22:00:00+00:00
86000,0.00000000,2025-03-23 22:00:00+00:00
88000,0.00014511,2025-03-23 22:00:00+00:00
90000,0.00000000,2025-03-23 22:00:00+00:00
70000,0.00000000,2025-03-23 23:00:00+00:00
78000,0.00000002,2025-03-23 23:00:00+00:00
80000,0.00000081,2025-03-23 23:00:00+00:00
82000,0.00000782,2025-03-23 23:00:00+00:00
83000,0.00004889,2025-03-23 23:00:00+00:00
84000,0.00016914,2025-03-23 23:00:00+00:00
85000,0.00037191,2025-03-23 23:00:00+00:00
86000,0.00000000,2025-03-23 23:00:00+00:00
88000,0.00016960,2025-03-23 23:00:00+00:00
90000,0.00002711,2025-03-23 23:00:00+00:00
92000,0.00000199,2025-03-23 23:00:00+00:00
93000,0.00000016,2025-03-23 23:00:00+00:00
94000,0.00000003,2025-03-23 23:00:00+00:00
95000,0.00000000,2025-03-23 23:00:00+00:00
96000,0.00000000,2025-03-23 23:00:00+00:00
100000,0.00000000,2025-03-23 23:00:00+00:00
60000,0.00000000,2025-03-24 00:00:00+00:00
70000,0.00000000,2025-03-24 00:00:00+00:00
72000,0.00000000,2025-03-24 00:00:00+00:00
75000,0.00000000,2025-03-24 00:00:00+00:00
76000,0.00000001,2025-03-24 00:00:00+00:00
78000,0.00000006,2025-03-24 00:00:00+00:00
80000,0.00000117,2025-03-24 00:00:00+00:00
82000,0.00001095,2025-03-24 00:00:00+00:00
83000,0.00005936,2025-03-24 00:00:00+00:00
84000,0.00017439,2025-03-24 00:00:00+00:00
85000,0.00033775,2025-03-24 00:00:00+00:00
86000,0.00000000,2025-03-24 00:00:00+00:00
88000,0.00017517,2025-03-24 00:00:00+00:00
90000,0.00002773,2025-03-24 00:00:00+00:00
92000,0.00000235,2025-03-24 00:00:00+00:00
93000,0.00000021,2025-03-24 00:00:00+00:00
94000,0.00000004,2025-03-24 00:00:00+00:00
95000,0.00000000,2025-03-24 00:00:00+00:00
98000,0.00000000,2025-03-24 00:00:00+00:00
120000,0.00000000,2025-03-24 00:00:00+00:00
78000,0.00000000,2025-03-24 01:00:00+00:00
80000,0.00000338,2025-03-24 01:00:00+00:00
82000,0.00003098,2025-03-24 01:00:00+00:00
83000,0.00017794,2025-03-24 01:00:00+00:00
84000,0.00015366,2025-03-24 01:00:00+00:00
86000,0.00000000,2025-03-24 01:00:00+00:00
88000,0.00023439,2025-03-24 01:00:00+00:00
90000,0.00003179,2025-03-24 01:00:00+00:00
92000,0.00000227,2025-03-24 01:00:00+00:00
95000,0.00000004,2025-03-24 01:00:00+00:00
108000,0.00000000,2025-03-24 01:00:00+00:00
75000,0.00000000,2025-03-24 02:00:00+00:00
76000,0.00000011,2025-03-24 02:00:00+00:00
78000,0.00000045,2025-03-24 02:00:00+00:00
80000,0.00000359,2025-03-24 02:00:00+00:00
82000,0.00002188,2025-03-24 02:00:00+00:00
83000,0.00009130,2025-03-24 02:00:00+00:00
84000,0.00022788,2025-03-24 02:00:00+00:00
85000,0.00017872,2025-03-24 02:00:00+00:00
86000,0.00000000,2025-03-24 02:00:00+00:00
88000,0.00019205,2025-03-24 02:00:00+00:00
90000,0.00003465,2025-03-24 02:00:00+00:00
92000,0.00000353,2025-03-24 02:00:00+00:00
94000,0.00000035,2025-03-24 02:00:00+00:00
95000,0.00000002,2025-03-24 02:00:00+00:00
100000,0.00000000,2025-03-24 02:00:00+00:00
105000,0.00000000,2025-03-24 02:00:00+00:00
115000,0.00000000,2025-03-24 02:00:00+00:00
65000,0.00000000,2025-03-24 03:00:00+00:00
70000,0.00000000,2025-03-24 03:00:00+00:00
72000,0.00000000,2025-03-24 03:00:00+00:00
75000,0.00000000,2025-03-24 03:00:00+00:00
76000,0.00000005,2025-03-24 03:00:00+00:00
80000,0.00000098,2025-03-24 03:00:00+00:00
82000,0.00001199,2025-03-24 03:00:00+00:00
83000,0.00006354,2025-03-24 03:00:00+00:00
84000,0.00019367,2025-03-24 03:00:00+00:00
85000,0.00041014,2025-03-24 03:00:00+00:00
86000,0.00000000,2025-03-24 03:00:00+00:00
88000,0.00000000,2025-03-24 03:00:00+00:00
89000,0.00019220,2025-03-24 03:00:00+00:00
90000,0.00007941,2025-03-24 03:00:00+00:00
91000,0.00002789,2025-03-24 03:00:00+00:00
92000,0.00000869,2025-03-24 03:00:00+00:00
93000,0.00000249,2025-03-24 03:00:00+00:00
94000,0.00000067,2025-03-24 03:00:00+00:00
95000,0.00000017,2025-03-24 03:00:00+00:00
96000,0.00000002,2025-03-24 03:00:00+00:00
100000,0.00000000,2025-03-24 03:00:00+00:00
60000,0.00000000,2025-03-24 04:00:00+00:00
70000,0.00000000,2025-03-24 04:00:00+00:00
75000,0.00000000,2025-03-24 04:00:00+00:00
76000,0.00000000,2025-03-24 04:00:00+00:00
78000,0.00000000,2025-03-24 04:00:00+00:00
80000,0.00000001,2025-03-24 04:00:00+00:00
82000,0.00000001,2025-03-24 04:00:00+00:00
83000,0.00000040,2025-03-24 04:00:00+00:00
84000,0.00006378,2025-03-24 04:00:00+00:00
85000,0.00050946,2025-03-24 04:00:00+00:00
86000,0.00000000,2025-03-24 04:00:00+00:00
88000,0.00000000,2025-03-24 04:00:00+00:00
89000,0.00025479,2025-03-24 04:00:00+00:00
90000,0.00010676,2025-03-24 04:00:00+00:00
91000,0.00004129,2025-03-24 04:00:00+00:00
92000,0.00001519,2025-03-24 04:00:00+00:00
93000,0.00000542,2025-03-24 04:00:00+00:00
94000,0.00000189,2025-03-24 04:00:00+00:00
95000,0.00000065,2025-03-24 04:00:00+00:00
96000,0.00000018,2025-03-24 04:00:00+00:00
98000,0.00000003,2025-03-24 04:00:00+00:00
100000,0.00000000,2025-03-24 04:00:00+00:00
102000,0.00000000,2025-03-24 04:00:00+00:00
60000,0.00000000,2025-03-24 05:00:00+00:00
65000,0.00000000,2025-03-24 05:00:00+00:00
70000,0.00000000,2025-03-24 05:00:00+00:00
75000,0.00000001,2025-03-24 05:00:00+00:00
76000,0.00000003,2025-03-24 05:00:00+00:00
78000,0.00000013,2025-03-24 05:00:00+00:00
80000,0.00000137,2025-03-24 05:00:00+00:00
82000,0.00002064,2025-03-24 05:00:00+00:00
84000,0.00011929,2025-03-24 05:00:00+00:00
85000,0.00032472,2025-03-24 05:00:00+00:00
86000,0.00000000,2025-03-24 05:00:00+00:00
88000,0.00000000,2025-03-24 05:00:00+00:00
89000,0.00023674,2025-03-24 05:00:00+00:00
90000,0.00012245,2025-03-24 05:00:00+00:00
91000,0.00005568,2025-03-24 05:00:00+00:00
92000,0.00002306,2025-03-24 05:00:00+00:00
93000,0.00000894,2025-03-24 05:00:00+00:00
94000,0.00000331,2025-03-24 05:00:00+00:00
95000,0.00000118,2025-03-24 05:00:00+00:00
96000,0.00000032,2025-03-24 05:00:00+00:00
98000,0.00000003,2025-03-24 05:00:00+00:00
104000,0.00000000,2025-03-24 05:00:00+00:00
105000,0.00000000,2025-03-24 05:00:00+00:00
108000,0.00000000,2025-03-24 05:00:00+00:00
110000,0.00000000,2025-03-24 05:00:00+00:00
50000,0.00000000,2025-03-24 06:00:00+00:00
65000,0.00000000,2025-03-24 06:00:00+00:00
70000,0.00000000,2025-03-24 06:00:00+00:00
76000,0.00000000,2025-03-24 06:00:00+00:00
78000,0.00000000,2025-03-24 06:00:00+00:00
80000,0.00000016,2025-03-24 06:00:00+00:00
82000,0.00002229,2025-03-24 06:00:00+00:00
84000,0.00013802,2025-03-24 06:00:00+00:00
85000,0.00027770,2025-03-24 06:00:00+00:00
86000,0.00000000,2025-03-24 06:00:00+00:00
88000,0.00000000,2025-03-24 06:00:00+00:00
89000,0.00017022,2025-03-24 06:00:00+00:00
90000,0.00011482,2025-03-24 06:00:00+00:00
91000,0.00007369,2025-03-24 06:00:00+00:00
92000,0.00004561,2025-03-24 06:00:00+00:00
93000,0.00002750,2025-03-24 06:00:00+00:00
94000,0.00001627,2025-03-24 06:00:00+00:00
95000,0.00000709,2025-03-24 06:00:00+00:00
98000,0.00000196,2025-03-24 06:00:00+00:00
102000,0.00000039,2025-03-24 06:00:00+00:00
103000,0.00000011,2025-03-24 06:00:00+00:00
104000,0.00000006,2025-03-24 06:00:00+00:00
105000,0.00000001,2025-03-24 06:00:00+00:00
115000,0.00000000,2025-03-24 06:00:00+00:00
150000,0.00000000,2025-03-24 06:00:00+00:00
60000,0.00000000,2025-03-24 07:00:00+00:00
76000,0.00000008,2025-03-24 07:00:00+00:00
78000,0.00000119,2025-03-24 07:00:00+00:00
80000,0.00000591,2025-03-24 07:00:00+00:00
82000,0.00003335,2025-03-24 07:00:00+00:00
84000,0.00011925,2025-03-24 07:00:00+00:00
85000,0.00027495,2025-03-24 07:00:00+00:00
86000,0.00000000,2025-03-24 07:00:00+00:00
88000,0.00000000,2025-03-24 07:00:00+00:00
89000,0.00025331,2025-03-24 07:00:00+00:00
90000,0.00012836,2025-03-24 07:00:00+00:00
91000,0.00005390,2025-03-24 07:00:00+00:00
92000,0.00001966,2025-03-24 07:00:00+00:00
93000,0.00000649,2025-03-24 07:00:00+00:00
94000,0.00000153,2025-03-24 07:00:00+00:00
96000,0.00000024,2025-03-24 07:00:00+00:00
98000,0.00000001,2025-03-24 07:00:00+00:00
102000,0.00000000,2025-03-24 07:00:00+00:00
103000,0.00000000,2025-03-24 07:00:00+00:00
106000,0.00000000,2025-03-24 07:00:00+00:00
110000,0.00000000,2025-03-24 07:00:00+00:00
60000,0.00000000,2025-03-24 08:00:00+00:00
70000,0.00000000,2025-03-24 08:00:00+00:00
72000,0.00000000,2025-03-24 08:00:00+00:00
75000,0.00000001,2025-03-24 08:00:00+00:00
76000,0.00000003,2025-03-24 08:00:00+00:00
78000,0.00000010,2025-03-24 08:00:00+00:00
80000,0.00000084,2025-03-24 08:00:00+00:00
82000,0.00000574,2025-03-24 08:00:00+00:00
83000,0.00002892,2025-03-24 08:00:00+00:00
84000,0.00009417,2025-03-24 08:00:00+00:00
85000,0.00023136,2025-03-24 08:00:00+00:00
86000,0.00000000,2025-03-24 08:00:00+00:00
88000,0.00000000,2025-03-24 08:00:00+00:00
89000,0.00030836,2025-03-24 08:00:00+00:00
90000,0.00014641,2025-03-24 08:00:00+00:00
92000,0.00005451,2025-03-24 08:00:00+00:00
93000,0.00001567,2025-03-24 08:00:00+00:00
94000,0.00000606,2025-03-24 08:00:00+00:00
95000,0.00000225,2025-03-24 08:00:00+00:00
96000,0.00000044,2025-03-24 08:00:00+00:00
100000,0.00000005,2025-03-24 08:00:00+00:00
103000,0.00000000,2025-03-24 08:00:00+00:00
105000,0.00000000,2025-03-24 08:00:00+00:00
110000,0.00000000,2025-03-24 08:00:00+00:00
115000,0.00000000,2025-03-24 08:00:00+00:00
65000,0.00000000,2025-03-24 09:00:00+00:00
70000,0.00000000,2025-03-24 09:00:00+00:00
72000,0.00000000,2025-03-24 09:00:00+00:00
75000,0.00000000,2025-03-24 09:00:00+00:00
76000,0.00000001,2025-03-24 09:00:00+00:00
78000,0.00000003,2025-03-24 09:00:00+00:00
80000,0.00000043,2025-03-24 09:00:00+00:00
82000,0.00000981,2025-03-24 09:00:00+00:00
84000,0.00007985,2025-03-24 09:00:00+00:00
85000,0.00029510,2025-03-24 09:00:00+00:00
86000,0.00000000,2025-03-24 09:00:00+00:00
88000,0.00000000,2025-03-24 09:00:00+00:00
89000,0.00032150,2025-03-24 09:00:00+00:00
90000,0.00015271,2025-03-24 09:00:00+00:00
91000,0.00006038,2025-03-24 09:00:00+00:00
92000,0.00002085,2025-03-24 09:00:00+00:00
93000,0.00000498,2025-03-24 09:00:00+00:00
95000,0.00000099,2025-03-24 09:00:00+00:00
96000,0.00000011,2025-03-24 09:00:00+00:00
98000,0.00000001,2025-03-24 09:00:00+00:00
100000,0.00000000,2025-03-24 09:00:00+00:00
102000,0.00000000,2025-03-24 09:00:00+00:00
105000,0.00000000,2025-03-24 09:00:00+00:00
70000,0.00000000,2025-03-24 10:00:00+00:00
72000,0.00000000,2025-03-24 10:00:00+00:00
78000,0.00000001,2025-03-24 10:00:00+00:00
80000,0.00000011,2025-03-24 10:00:00+00:00
82000,0.00000089,2025-03-24 10:00:00+00:00
83000,0.00000546,2025-03-24 10:00:00+00:00
84000,0.00002445,2025-03-24 10:00:00+00:00
85000,0.00009179,2025-03-24 10:00:00+00:00
86000,0.00018532,2025-03-24 10:00:00+00:00
88000,0.00000000,2025-03-24 10:00:00+00:00
89000,0.00034504,2025-03-24 10:00:00+00:00
90000,0.00016939,2025-03-24 10:00:00+00:00
91000,0.00006134,2025-03-24 10:00:00+00:00
92000,0.00001759,2025-03-24 10:00:00+00:00
93000,0.00000425,2025-03-24 10:00:00+00:00
94000,0.00000091,2025-03-24 10:00:00+00:00
95000,0.00000018,2025-03-24 10:00:00+00:00
96000,0.00000002,2025-03-24 10:00:00+00:00
100000,0.00000000,2025-03-24 10:00:00+00:00
120000,0.00000000,2025-03-24 10:00:00+00:00
72000,0.00000000,2025-03-24 11:00:00+00:00
75000,0.00000000,2025-03-24 11:00:00+00:00
78000,0.00000002,2025-03-24 11:00:00+00:00
80000,0.00000050,2025-03-24 11:00:00+00:00
83000,0.00000478,2025-03-24 11:00:00+00:00
84000,0.00005934,2025-03-24 11:00:00+00:00
86000,0.00013957,2025-03-24 11:00:00+00:00
88000,0.00000000,2025-03-24 11:00:00+00:00
89000,0.00037223,2025-03-24 11:00:00+00:00
90000,0.00017109,2025-03-24 11:00:00+00:00
91000,0.00005774,2025-03-24 11:00:00+00:00
92000,0.00001550,2025-03-24 11:00:00+00:00
93000,0.00000354,2025-03-24 11:00:00+00:00
94000,0.00000072,2025-03-24 11:00:00+00:00
95000,0.00000014,2025-03-24 11:00:00+00:00
96000,0.00000002,2025-03-24 11:00:00+00:00
98000,0.00000000,2025-03-24 11:00:00+00:00
100000,0.00000000,2025-03-24 11:00:00+00:00
103000,0.00000000,2025-03-24 11:00:00+00:00
104000,0.00000000,2025-03-24 11:00:00+00:00
105000,0.00000000,2025-03-24 11:00:00+00:00
120000,0.00000000,2025-03-24 11:00:00+00:00
80000,0.00000000,2025-03-24 12:00:00+00:00
82000,0.00000024,2025-03-24 12:00:00+00:00
83000,0.00000227,2025-03-24 12:00:00+00:00
84000,0.00002362,2025-03-24 12:00:00+00:00
85000,0.00020119,2025-03-24 12:00:00+00:00
86000,0.00006897,2025-03-24 12:00:00+00:00
88000,0.00000000,2025-03-24 12:00:00+00:00
89000,0.00047621,2025-03-24 12:00:00+00:00
90000,0.00014723,2025-03-24 12:00:00+00:00
91000,0.00003611,2025-03-24 12:00:00+00:00
92000,0.00000769,2025-03-24 12:00:00+00:00
93000,0.00000151,2025-03-24 12:00:00+00:00
94000,0.00000028,2025-03-24 12:00:00+00:00
95000,0.00000003,2025-03-24 12:00:00+00:00
98000,0.00000000,2025-03-24 12:00:00+00:00
104000,0.00000000,2025-03-24 12:00:00+00:00
50000,0.00000000,2025-03-24 13:00:00+00:00
65000,0.00000000,2025-03-24 13:00:00+00:00
70000,0.00000000,2025-03-24 13:00:00+00:00
75000,0.00000000,2025-03-24 13:00:00+00:00
76000,0.00000000,2025-03-24 13:00:00+00:00
78000,0.00000000,2025-03-24 13:00:00+00:00
80000,0.00000000,2025-03-24 13:00:00+00:00
82000,0.00000005,2025-03-24 13:00:00+00:00
83000,0.00000571,2025-03-24 13:00:00+00:00
84000,0.00005740,2025-03-24 13:00:00+00:00
85000,0.00018562,2025-03-24 13:00:00+00:00
86000,0.00014789,2025-03-24 13:00:00+00:00
88000,0.00000000,2025-03-24 13:00:00+00:00
89000,0.00020802,2025-03-24 13:00:00+00:00
90000,0.00013559,2025-03-24 13:00:00+00:00
91000,0.00008215,2025-03-24 13:00:00+00:00
92000,0.00004730,2025-03-24 13:00:00+00:00
93000,0.00002627,2025-03-24 13:00:00+00:00
94000,0.00001422,2025-03-24 13:00:00+00:00
95000,0.00000756,2025-03-24 13:00:00+00:00
96000,0.00000194,2025-03-24 13:00:00+00:00
102000,0.00000015,2025-03-24 13:00:00+00:00
115000,0.00000000,2025-03-24 13:00:00+00:00
55000,0.00000000,2025-03-24 14:00:00+00:00
70000,0.00000000,2025-03-24 14:00:00+00:00
75000,0.00000000,2025-03-24 14:00:00+00:00
76000,0.00000004,2025-03-24 14:00:00+00:00
80000,0.00000028,2025-03-24 14:00:00+00:00
82000,0.00000189,2025-03-24 14:00:00+00:00
83000,0.00000787,2025-03-24 14:00:00+00:00
84000,0.00002586,2025-03-24 14:00:00+00:00
85000,0.00007725,2025-03-24 14:00:00+00:00
86000,0.00020762,2025-03-24 14:00:00+00:00
88000,0.00000000,2025-03-24 14:00:00+00:00
89000,0.00029258,2025-03-24 14:00:00+00:00
90000,0.00016841,2025-03-24 14:00:00+00:00
91000,0.00007435,2025-03-24 14:00:00+00:00
92000,0.00002687,2025-03-24 14:00:00+00:00
93000,0.00000840,2025-03-24 14:00:00+00:00
94000,0.00000238,2025-03-24 14:00:00+00:00
95000,0.00000063,2025-03-24 14:00:00+00:00
96000,0.00000012,2025-03-24 14:00:00+00:00
98000,0.00000002,2025-03-24 14:00:00+00:00
100000,0.00000000,2025-03-24 14:00:00+00:00
102000,0.00000000,2025-03-24 14:00:00+00:00
114000,0.00000000,2025-03-24 14:00:00+00:00
115000,0.00000000,2025-03-24 14:00:00+00:00
70000,0.00000000,2025-03-24 15:00:00+00:00
75000,0.00000001,2025-03-24 15:00:00+00:00
80000,0.00000014,2025-03-24 15:00:00+00:00
82000,0.00000119,2025-03-24 15:00:00+00:00
83000,0.00000534,2025-03-24 15:00:00+00:00
84000,0.00001932,2025-03-24 15:00:00+00:00
85000,0.00006610,2025-03-24 15:00:00+00:00
86000,0.00025371,2025-03-24 15:00:00+00:00
88000,0.00000000,2025-03-24 15:00:00+00:00
89000,0.00000000,2025-03-24 15:00:00+00:00
90000,0.00025670,2025-03-24 15:00:00+00:00
92000,0.00008121,2025-03-24 15:00:00+00:00
93000,0.00001469,2025-03-24 15:00:00+00:00
94000,0.00000373,2025-03-24 15:00:00+00:00
95000,0.00000086,2025-03-24 15:00:00+00:00
96000,0.00000009,2025-03-24 15:00:00+00:00
100000,0.00000001,2025-03-24 15:00:00+00:00
102000,0.00000000,2025-03-24 15:00:00+00:00
104000,0.00000000,2025-03-24 15:00:00+00:00
110000,0.00000000,2025-03-24 15:00:00+00:00
70000,0.00000000,2025-03-24 16:00:00+00:00
78000,0.00000000,2025-03-24 16:00:00+00:00
80000,0.00000006,2025-03-24 16:00:00+00:00
82000,0.00000041,2025-03-24 16:00:00+00:00
83000,0.00000240,2025-03-24 16:00:00+00:00
84000,0.00001116,2025-03-24 16:00:00+00:00
85000,0.00004725,2025-03-24 16:00:00+00:00
86000,0.00015126,2025-03-24 16:00:00+00:00
87000,0.00031573,2025-03-24 16:00:00+00:00
88000,0.00000000,2025-03-24 16:00:00+00:00
89000,0.00022941,2025-03-24 16:00:00+00:00
90000,0.00012738,2025-03-24 16:00:00+00:00
92000,0.00003073,2025-03-24 16:00:00+00:00
93000,0.00000389,2025-03-24 16:00:00+00:00
94000,0.00000080,2025-03-24 16:00:00+00:00
95000,0.00000015,2025-03-24 16:00:00+00:00
96000,0.00000001,2025-03-24 16:00:00+00:00
100000,0.00000000,2025-03-24 16:00:00+00:00
104000,0.00000000,2025-03-24 16:00:00+00:00
78000,0.00000000,2025-03-24 17:00:00+00:00
80000,0.00000001,2025-03-24 17:00:00+00:00
83000,0.00000013,2025-03-24 17:00:00+00:00
84000,0.00000248,2025-03-24 17:00:00+00:00
85000,0.00016140,2025-03-24 17:00:00+00:00
88000,0.00000000,2025-03-24 17:00:00+00:00
89000,0.00000000,2025-03-24 17:00:00+00:00
90000,0.00036379,2025-03-24 17:00:00+00:00
92000,0.00007957,2025-03-24 17:00:00+00:00
93000,0.00000568,2025-03-24 17:00:00+00:00
95000,0.00000025,2025-03-24 17:00:00+00:00
100000,0.00000000,2025-03-24 17:00:00+00:00
50000,0.00000000,2025-03-24 18:00:00+00:00
75000,0.00000000,2025-03-24 18:00:00+00:00
76000,0.00000000,2025-03-24 18:00:00+00:00
80000,0.00000001,2025-03-24 18:00:00+00:00
83000,0.00000701,2025-03-24 18:00:00+00:00
85000,0.00008722,2025-03-24 18:00:00+00:00
86000,0.00025184,2025-03-24 18:00:00+00:00
88000,0.00000000,2025-03-24 18:00:00+00:00
89000,0.00000000,2025-03-24 18:00:00+00:00
90000,0.00011628,2025-03-24 18:00:00+00:00
95000,0.00004167,2025-03-24 18:00:00+00:00
96000,0.00000000,2025-03-24 18:00:00+00:00
70000,0.00000000,2025-03-24 19:00:00+00:00
75000,0.00000000,2025-03-24 19:00:00+00:00
76000,0.00000000,2025-03-24 19:00:00+00:00
80000,0.00000004,2025-03-24 19:00:00+00:00
82000,0.00000273,2025-03-24 19:00:00+00:00
85000,0.00003193,2025-03-24 19:00:00+00:00
86000,0.00017367,2025-03-24 19:00:00+00:00
87000,0.00037247,2025-03-24 19:00:00+00:00
88000,0.00000000,2025-03-24 19:00:00+00:00
89000,0.00000165,2025-03-24 19:00:00+00:00
90000,0.00024386,2025-03-24 19:00:00+00:00
91000,0.00009794,2025-03-24 19:00:00+00:00
92000,0.00003004,2025-03-24 19:00:00+00:00
93000,0.00000752,2025-03-24 19:00:00+00:00
94000,0.00000163,2025-03-24 19:00:00+00:00
95000,0.00000032,2025-03-24 19:00:00+00:00
96000,0.00000003,2025-03-24 19:00:00+00:00
100000,0.00000000,2025-03-24 19:00:00+00:00
140000,0.00000000,2025-03-24 19:00:00+00:00
82000,0.00000000,2025-03-24 20:00:00+00:00
83000,0.00000228,2025-03-24 20:00:00+00:00
86000,0.00015174,2025-03-24 20:00:00+00:00
88000,0.00000000,2025-03-24 20:00:00+00:00
89000,0.00047583,2025-03-24 20:00:00+00:00
90000,0.00008521,2025-03-24 20:00:00+00:00
92000,0.00000614,2025-03-24 20:00:00+00:00
94000,0.00000011,2025-03-24 20:00:00+00:00
95000,0.00000000,2025-03-24 20:00:00+00:00
96000,0.00000000,2025-03-24 20:00:00+00:00
65000,0.00000000,2025-03-24 21:00:00+00:00
70000,0.00000000,2025-03-24 21:00:00+00:00
78000,0.00000004,2025-03-24 21:00:00+00:00
80000,0.00000104,2025-03-24 21:00:00+00:00
83000,0.00000721,2025-03-24 21:00:00+00:00
84000,0.00003376,2025-03-24 21:00:00+00:00
85000,0.00008773,2025-03-24 21:00:00+00:00
86000,0.00022461,2025-03-24 21:00:00+00:00
88000,0.00000000,2025-03-24 21:00:00+00:00
89000,0.00014755,2025-03-24 21:00:00+00:00
90000,0.00020670,2025-03-24 21:00:00+00:00
91000,0.00000839,2025-03-24 21:00:00+00:00
130000,0.00000011,2025-03-24 21:00:00+00:00
135000,0.00000000,2025-03-24 21:00:00+00:00
140000,0.00000000,2025-03-24 21:00:00+00:00
145000,0.00000000,2025-03-24 21:00:00+00:00
150000,0.00000000,2025-03-24 21:00:00+00:00
160000,0.00000000,2025-03-24 21:00:00+00:00
20000,0.00000000,2025-03-24 22:00:00+00:00
30000,0.00000000,2025-03-24 22:00:00+00:00
75000,0.00000000,2025-03-24 22:00:00+00:00
80000,0.00000003,2025-03-24 22:00:00+00:00
82000,0.00000107,2025-03-24 22:00:00+00:00
84000,0.00001474,2025-03-24 22:00:00+00:00
85000,0.00011534,2025-03-24 22:00:00+00:00
86000,0.00039039,2025-03-24 22:00:00+00:00
87000,0.00000000,2025-03-24 22:00:00+00:00
88000,0.00000000,2025-03-24 22:00:00+00:00
89000,0.00032168,2025-03-24 22:00:00+00:00
90000,0.00011150,2025-03-24 22:00:00+00:00
91000,0.00002902,2025-03-24 22:00:00+00:00
92000,0.00000356,2025-03-24 22:00:00+00:00
95000,0.00000014,2025-03-24 22:00:00+00:00
100000,0.00000000,2025-03-24 22:00:00+00:00
102000,0.00000000,2025-03-24 22:00:00+00:00
103000,0.00000000,2025-03-24 22:00:00+00:00
200000,0.00000000,2025-03-24 22:00:00+00:00
75000,0.00000000,2025-03-24 23:00:00+00:00
76000,0.00000000,2025-03-24 23:00:00+00:00
80000,0.00000010,2025-03-24 23:00:00+00:00
83000,0.00000259,2025-03-24 23:00:00+00:00
84000,0.00003393,2025-03-24 23:00:00+00:00
85000,0.00018988,2025-03-24 23:00:00+00:00
86000,0.00014814,2025-03-24 23:00:00+00:00
88000,0.00000000,2025-03-24 23:00:00+00:00
90000,0.00013371,2025-03-24 23:00:00+00:00
96000,0.00000340,2025-03-24 23:00:00+00:00
98000,0.00000000,2025-03-24 23:00:00+00:00
100000,0.00000000,2025-03-24 23:00:00+00:00
70000,0.00000000,2025-03-25 00:00:00+00:00
80000,0.00000092,2025-03-25 00:00:00+00:00
84000,0.00002741,2025-03-25 00:00:00+00:00
85000,0.00016593,2025-03-25 00:00:00+00:00
88000,0.00000000,2025-03-25 00:00:00+00:00
90000,0.00026447,2025-03-25 00:00:00+00:00
92000,0.00003914,2025-03-25 00:00:00+00:00
93000,0.00000254,2025-03-25 00:00:00+00:00
96000,0.00000017,2025-03-25 00:00:00+00:00
98000,0.00000000,2025-03-25 00:00:00+00:00
102000,0.00000000,2025-03-25 00:00:00+00:00
78000,0.00000000,2025-03-25 01:00:00+00:00
80000,0.00000000,2025-03-25 01:00:00+00:00
82000,0.00000000,2025-03-25 01:00:00+00:00
83000,0.00000009,2025-03-25 01:00:00+00:00
84000,0.00000487,2025-03-25 01:00:00+00:00
85000,0.00009075,2025-03-25 01:00:00+00:00
86000,0.00045446,2025-03-25 01:00:00+00:00
87000,0.00000000,2025-03-25 01:00:00+00:00
88000,0.00028229,2025-03-25 01:00:00+00:00
89000,0.00013823,2025-03-25 01:00:00+00:00
90000,0.00002563,2025-03-25 01:00:00+00:00
91000,0.00000334,2025-03-25 01:00:00+00:00
92000,0.00000034,2025-03-25 01:00:00+00:00
93000,0.00000000,2025-03-25 01:00:00+00:00
80000,0.00000000,2025-03-25 02:00:00+00:00
82000,0.00000028,2025-03-25 02:00:00+00:00
83000,0.00000397,2025-03-25 02:00:00+00:00
84000,0.00004369,2025-03-25 02:00:00+00:00
85000,0.00027219,2025-03-25 02:00:00+00:00
86000,0.00034051,2025-03-25 02:00:00+00:00
87000,0.00000000,2025-03-25 02:00:00+00:00
90000,0.00011122,2025-03-25 02:00:00+00:00
93000,0.00000138,2025-03-25 02:00:00+00:00
98000,0.00000001,2025-03-25 02:00:00+00:00
100000,0.00000000,2025-03-25 02:00:00+00:00
75000,0.00000000,2025-03-25 03:00:00+00:00
78000,0.00000000,2025-03-25 03:00:00+00:00
80000,0.00000009,2025-03-25 03:00:00+00:00
82000,0.00000137,2025-03-25 03:00:00+00:00
83000,0.00001615,2025-03-25 03:00:00+00:00
84000,0.00010379,2025-03-25 03:00:00+00:00
85000,0.00037608,2025-03-25 03:00:00+00:00
86000,0.00000000,2025-03-25 03:00:00+00:00
87000,0.00000000,2025-03-25 03:00:00+00:00
88000,0.00034205,2025-03-25 03:00:00+00:00
89000,0.00012038,2025-03-25 03:00:00+00:00
90000,0.00003127,2025-03-25 03:00:00+00:00
91000,0.00000373,2025-03-25 03:00:00+00:00
94000,0.00000028,2025-03-25 03:00:00+00:00
95000,0.00000000,2025-03-25 03:00:00+00:00
100000,0.00000000,2025-03-25 03:00:00+00:00
102000,0.00000000,2025-03-25 03:00:00+00:00
78000,0.00000000,2025-03-25 04:00:00+00:00
80000,0.00000028,2025-03-25 04:00:00+00:00
83000,0.00000674,2025-03-25 04:00:00+00:00
84000,0.00011276,2025-03-25 04:00:00+00:00
85000,0.00057936,2025-03-25 04:00:00+00:00
86000,0.00000000,2025-03-25 04:00:00+00:00
88000,0.00005581,2025-03-25 04:00:00+00:00
89000,0.00016660,2025-03-25 04:00:00+00:00
90000,0.00003586,2025-03-25 04:00:00+00:00
91000,0.00000458,2025-03-25 04:00:00+00:00
93000,0.00000033,2025-03-25 04:00:00+00:00
95000,0.00000001,2025-03-25 04:00:00+00:00
96000,0.00000000,2025-03-25 04:00:00+00:00
98000,0.00000000,2025-03-25 04:00:00+00:00
100000,0.00000000,2025-03-25 04:00:00+00:00
80000,0.00000000,2025-03-25 05:00:00+00:00
82000,0.00000000,2025-03-25 05:00:00+00:00
83000,0.00000041,2025-03-25 05:00:00+00:00
84000,0.00002408,2025-03-25 05:00:00+00:00
85000,0.00023362,2025-03-25 05:00:00+00:00
87000,0.00000000,2025-03-25 05:00:00+00:00
88000,0.00036757,2025-03-25 05:00:00+00:00
90000,0.00003631,2025-03-25 05:00:00+00:00
92000,0.00000073,2025-03-25 05:00:00+00:00
93000,0.00000001,2025-03-25 05:00:00+00:00
94000,0.00000000,2025-03-25 05:00:00+00:00
95000,0.00000000,2025-03-25 05:00:00+00:00
20000,0.00000000,2025-03-25 06:00:00+00:00
70000,0.00000000,2025-03-25 06:00:00+00:00
75000,0.00000001,2025-03-25 06:00:00+00:00
80000,0.00000035,2025-03-25 06:00:00+00:00
82000,0.00000551,2025-03-25 06:00:00+00:00
83000,0.00003439,2025-03-25 06:00:00+00:00
84000,0.00012669,2025-03-25 06:00:00+00:00
85000,0.00032024,2025-03-25 06:00:00+00:00
86000,0.00000000,2025-03-25 06:00:00+00:00
87000,0.00000000,2025-03-25 06:00:00+00:00
88000,0.00031357,2025-03-25 06:00:00+00:00
89000,0.00013646,2025-03-25 06:00:00+00:00
90000,0.00004435,2025-03-25 06:00:00+00:00
91000,0.00000858,2025-03-25 06:00:00+00:00
93000,0.00000027,2025-03-25 06:00:00+00:00
105000,0.00000000,2025-03-25 06:00:00+00:00
65000,0.00000000,2025-03-25 07:00:00+00:00
72000,0.00000000,2025-03-25 07:00:00+00:00
75000,0.00000001,2025-03-25 07:00:00+00:00
78000,0.00000009,2025-03-25 07:00:00+00:00
80000,0.00000133,2025-03-25 07:00:00+00:00
82000,0.00000998,2025-03-25 07:00:00+00:00
83000,0.00004935,2025-03-25 07:00:00+00:00
84000,0.00014749,2025-03-25 07:00:00+00:00
85000,0.00031482,2025-03-25 07:00:00+00:00
86000,0.00000000,2025-03-25 07:00:00+00:00
87000,0.00000000,2025-03-25 07:00:00+00:00
88000,0.00027418,2025-03-25 07:00:00+00:00
89000,0.00012935,2025-03-25 07:00:00+00:00
90000,0.00003648,2025-03-25 07:00:00+00:00
92000,0.00000736,2025-03-25 07:00:00+00:00
93000,0.00000092,2025-03-25 07:00:00+00:00
94000,0.00000010,2025-03-25 07:00:00+00:00
98000,0.00000000,2025-03-25 07:00:00+00:00
102000,0.00000000,2025-03-25 07:00:00+00:00
65000,0.00000000,2025-03-25 08:00:00+00:00
75000,0.00000000,2025-03-25 08:00:00+00:00
78000,0.00000009,2025-03-25 08:00:00+00:00
80000,0.00000107,2025-03-25 08:00:00+00:00
82000,0.00000726,2025-03-25 08:00:00+00:00
83000,0.00003510,2025-03-25 08:00:00+00:00
84000,0.00011048,2025-03-25 08:00:00+00:00
85000,0.00026197,2025-03-25 08:00:00+00:00
86000,0.00000000,2025-03-25 08:00:00+00:00
87000,0.00000000,2025-03-25 08:00:00+00:00
88000,0.00032554,2025-03-25 08:00:00+00:00
89000,0.00016470,2025-03-25 08:00:00+00:00
90000,0.00006290,2025-03-25 08:00:00+00:00
91000,0.00001939,2025-03-25 08:00:00+00:00
92000,0.00000511,2025-03-25 08:00:00+00:00
93000,0.00000121,2025-03-25 08:00:00+00:00
94000,0.00000009,2025-03-25 08:00:00+00:00
100000,0.00000000,2025-03-25 08:00:00+00:00
102000,0.00000000,2025-03-25 08:00:00+00:00
105000,0.00000000,2025-03-25 08:00:00+00:00
65000,0.00000000,2025-03-25 09:00:00+00:00
70000,0.00000000,2025-03-25 09:00:00+00:00
72000,0.00000000,2025-03-25 09:00:00+00:00
78000,0.00000003,2025-03-25 09:00:00+00:00
80000,0.00000049,2025-03-25 09:00:00+00:00
82000,0.00000363,2025-03-25 09:00:00+00:00
83000,0.00001953,2025-03-25 09:00:00+00:00
84000,0.00006876,2025-03-25 09:00:00+00:00
85000,0.00018506,2025-03-25 09:00:00+00:00
86000,0.00034692,2025-03-25 09:00:00+00:00
87000,0.00000000,2025-03-25 09:00:00+00:00
88000,0.00005676,2025-03-25 09:00:00+00:00
90000,0.00015136,2025-03-25 09:00:00+00:00
91000,0.00004201,2025-03-25 09:00:00+00:00
92000,0.00001366,2025-03-25 09:00:00+00:00
93000,0.00000395,2025-03-25 09:00:00+00:00
94000,0.00000105,2025-03-25 09:00:00+00:00
95000,0.00000026,2025-03-25 09:00:00+00:00
96000,0.00000005,2025-03-25 09:00:00+00:00
98000,0.00000000,2025-03-25 09:00:00+00:00
130000,0.00000000,2025-03-25 09:00:00+00:00
75000,0.00000000,2025-03-25 10:00:00+00:00
76000,0.00000000,2025-03-25 10:00:00+00:00
78000,0.00000000,2025-03-25 10:00:00+00:00
80000,0.00000001,2025-03-25 10:00:00+00:00
82000,0.00000019,2025-03-25 10:00:00+00:00
83000,0.00000289,2025-03-25 10:00:00+00:00
84000,0.00002583,2025-03-25 10:00:00+00:00
85000,0.00014140,2025-03-25 10:00:00+00:00
86000,0.00039657,2025-03-25 10:00:00+00:00
87000,0.00000000,2025-03-25 10:00:00+00:00
88000,0.00018143,2025-03-25 10:00:00+00:00
89000,0.00018328,2025-03-25 10:00:00+00:00
90000,0.00005406,2025-03-25 10:00:00+00:00
91000,0.00000856,2025-03-25 10:00:00+00:00
93000,0.00000090,2025-03-25 10:00:00+00:00
94000,0.00000002,2025-03-25 10:00:00+00:00
98000,0.00000000,2025-03-25 10:00:00+00:00
75000,0.00000000,2025-03-25 11:00:00+00:00
80000,0.00000002,2025-03-25 11:00:00+00:00
83000,0.00000084,2025-03-25 11:00:00+00:00
84000,0.00001736,2025-03-25 11:00:00+00:00
85000,0.00012355,2025-03-25 11:00:00+00:00
86000,0.00043730,2025-03-25 11:00:00+00:00
87000,0.00000000,2025-03-25 11:00:00+00:00
88000,0.00000000,2025-03-25 11:00:00+00:00
89000,0.00029865,2025-03-25 11:00:00+00:00
90000,0.00009486,2025-03-25 11:00:00+00:00
91000,0.00000531,2025-03-25 11:00:00+00:00
100000,0.00000000,2025-03-25 11:00:00+00:00
70000,0.00000000,2025-03-25 12:00:00+00:00
80000,0.00000002,2025-03-25 12:00:00+00:00
82000,0.00000069,2025-03-25 12:00:00+00:00
83000,0.00001589,2025-03-25 12:00:00+00:00
85000,0.00010932,2025-03-25 12:00:00+00:00
86000,0.00035351,2025-03-25 12:00:00+00:00
87000,0.00000000,2025-03-25 12:00:00+00:00
88000,0.00022143,2025-03-25 12:00:00+00:00
89000,0.00016670,2025-03-25 12:00:00+00:00
90000,0.00005343,2025-03-25 12:00:00+00:00
91000,0.00001294,2025-03-25 12:00:00+00:00
92000,0.00000257,2025-03-25 12:00:00+00:00
93000,0.00000044,2025-03-25 12:00:00+00:00
94000,0.00000000,2025-03-25 12:00:00+00:00
70000,0.00000000,2025-03-25 13:00:00+00:00
75000,0.00000000,2025-03-25 13:00:00+00:00
76000,0.00000000,2025-03-25 13:00:00+00:00
80000,0.00000009,2025-03-25 13:00:00+00:00
82000,0.00000108,2025-03-25 13:00:00+00:00
83000,0.00000716,2025-03-25 13:00:00+00:00
84000,0.00003301,2025-03-25 13:00:00+00:00
85000,0.00012087,2025-03-25 13:00:00+00:00
86000,0.00030430,2025-03-25 13:00:00+00:00
87000,0.00000000,2025-03-25 13:00:00+00:00
88000,0.00000000,2025-03-25 13:00:00+00:00
89000,0.00031941,2025-03-25 13:00:00+00:00
90000,0.00014572,2025-03-25 13:00:00+00:00
91000,0.00004988,2025-03-25 13:00:00+00:00
92000,0.00000483,2025-03-25 13:00:00+00:00
98000,0.00000012,2025-03-25 13:00:00+00:00
106000,0.00000000,2025-03-25 13:00:00+00:00
70000,0.00000000,2025-03-25 14:00:00+00:00
72000,0.00000000,2025-03-25 14:00:00+00:00
76000,0.00000000,2025-03-25 14:00:00+00:00
78000,0.00000000,2025-03-25 14:00:00+00:00
80000,0.00000004,2025-03-25 14:00:00+00:00
82000,0.00000033,2025-03-25 14:00:00+00:00
83000,0.00000233,2025-03-25 14:00:00+00:00
84000,0.00001180,2025-03-25 14:00:00+00:00
85000,0.00005022,2025-03-25 14:00:00+00:00
86000,0.00015287,2025-03-25 14:00:00+00:00
87000,0.00029984,2025-03-25 14:00:00+00:00
88000,0.00000000,2025-03-25 14:00:00+00:00
89000,0.00025367,2025-03-25 14:00:00+00:00
90000,0.00014962,2025-03-25 14:00:00+00:00
91000,0.00005695,2025-03-25 14:00:00+00:00
92000,0.00001263,2025-03-25 14:00:00+00:00
94000,0.00000197,2025-03-25 14:00:00+00:00
95000,0.00000017,2025-03-25 14:00:00+00:00
96000,0.00000002,2025-03-25 14:00:00+00:00
98000,0.00000000,2025-03-25 14:00:00+00:00
100000,0.00000000,2025-03-25 14:00:00+00:00
78000,0.00000000,2025-03-25 15:00:00+00:00
80000,0.00000000,2025-03-25 15:00:00+00:00
82000,0.00000001,2025-03-25 15:00:00+00:00
83000,0.00000013,2025-03-25 15:00:00+00:00
84000,0.00000252,2025-03-25 15:00:00+00:00
85000,0.00003733,2025-03-25 15:00:00+00:00
86000,0.00024911,2025-03-25 15:00:00+00:00
87000,0.00014879,2025-03-25 15:00:00+00:00
88000,0.00000000,2025-03-25 15:00:00+00:00
89000,0.00039685,2025-03-25 15:00:00+00:00
90000,0.00012989,2025-03-25 15:00:00+00:00
91000,0.00002936,2025-03-25 15:00:00+00:00
92000,0.00000515,2025-03-25 15:00:00+00:00
93000,0.00000076,2025-03-25 15:00:00+00:00
94000,0.00000002,2025-03-25 15:00:00+00:00
102000,0.00000000,2025-03-25 15:00:00+00:00
50000,0.00000000,2025-03-25 16:00:00+00:00
55000,0.00000000,2025-03-25 16:00:00+00:00
60000,0.00000000,2025-03-25 16:00:00+00:00
70000,0.00000000,2025-03-25 16:00:00+00:00
75000,0.00000000,2025-03-25 16:00:00+00:00
76000,0.00000000,2025-03-25 16:00:00+00:00
78000,0.00000000,2025-03-25 16:00:00+00:00
80000,0.00000002,2025-03-25 16:00:00+00:00
83000,0.00000002,2025-03-25 16:00:00+00:00
84000,0.00000665,2025-03-25 16:00:00+00:00
85000,0.00010539,2025-03-25 16:00:00+00:00
86000,0.00032101,2025-03-25 16:00:00+00:00
87000,0.00006400,2025-03-25 16:00:00+00:00
88000,0.00000000,2025-03-25 16:00:00+00:00
89000,0.00023036,2025-03-25 16:00:00+00:00
90000,0.00013281,2025-03-25 16:00:00+00:00
91000,0.00005016,2025-03-25 16:00:00+00:00
94000,0.00001602,2025-03-25 16:00:00+00:00
95000,0.00000400,2025-03-25 16:00:00+00:00
96000,0.00000155,2025-03-25 16:00:00+00:00
98000,0.00000048,2025-03-25 16:00:00+00:00
100000,0.00000000,2025-03-25 16:00:00+00:00
80000,0.00000000,2025-03-25 17:00:00+00:00
82000,0.00000000,2025-03-25 17:00:00+00:00
83000,0.00000001,2025-03-25 17:00:00+00:00
84000,0.00000365,2025-03-25 17:00:00+00:00
86000,0.00008788,2025-03-25 17:00:00+00:00
87000,0.00037043,2025-03-25 17:00:00+00:00
88000,0.00000000,2025-03-25 17:00:00+00:00
89000,0.00035795,2025-03-25 17:00:00+00:00
90000,0.00010904,2025-03-25 17:00:00+00:00
91000,0.00002162,2025-03-25 17:00:00+00:00
92000,0.00000175,2025-03-25 17:00:00+00:00
95000,0.00000008,2025-03-25 17:00:00+00:00
96000,0.00000000,2025-03-25 17:00:00+00:00
98000,0.00000000,2025-03-25 17:00:00+00:00
75000,0.00000000,2025-03-25 18:00:00+00:00
80000,0.00000000,2025-03-25 18:00:00+00:00
82000,0.00000019,2025-03-25 18:00:00+00:00
84000,0.00000476,2025-03-25 18:00:00+00:00
85000,0.00006097,2025-03-25 18:00:00+00:00
86000,0.00031030,2025-03-25 18:00:00+00:00
87000,0.00025994,2025-03-25 18:00:00+00:00
88000,0.00000000,2025-03-25 18:00:00+00:00
91000,0.00014248,2025-03-25 18:00:00+00:00
93000,0.00000331,2025-03-25 18:00:00+00:00
94000,0.00000013,2025-03-25 18:00:00+00:00
95000,0.00000000,2025-03-25 18:00:00+00:00
70000,0.00000000,2025-03-25 19:00:00+00:00
75000,0.00000000,2025-03-25 19:00:00+00:00
80000,0.00000003,2025-03-25 19:00:00+00:00
82000,0.00000090,2025-03-25 19:00:00+00:00
84000,0.00000856,2025-03-25 19:00:00+00:00
85000,0.00004943,2025-03-25 19:00:00+00:00
86000,0.00015780,2025-03-25 19:00:00+00:00
87000,0.00033187,2025-03-25 19:00:00+00:00
88000,0.00000000,2025-03-25 19:00:00+00:00
89000,0.00016292,2025-03-25 19:00:00+00:00
90000,0.00018705,2025-03-25 19:00:00+00:00
91000,0.00005353,2025-03-25 19:00:00+00:00
93000,0.00000761,2025-03-25 19:00:00+00:00
95000,0.00000043,2025-03-25 19:00:00+00:00
96000,0.00000002,2025-03-25 19:00:00+00:00
98000,0.00000000,2025-03-25 19:00:00+00:00
102000,0.00000000,2025-03-25 19:00:00+00:00
72000,0.00000000,2025-03-25 20:00:00+00:00
80000,0.00000000,2025-03-25 20:00:00+00:00
82000,0.00000007,2025-03-25 20:00:00+00:00
83000,0.00000072,2025-03-25 20:00:00+00:00
84000,0.00000644,2025-03-25 20:00:00+00:00
85000,0.00004701,2025-03-25 20:00:00+00:00
86000,0.00020739,2025-03-25 20:00:00+00:00
87000,0.00019906,2025-03-25 20:00:00+00:00
88000,0.00000000,2025-03-25 20:00:00+00:00
89000,0.00035262,2025-03-25 20:00:00+00:00
90000,0.00013913,2025-03-25 20:00:00+00:00
91000,0.00003798,2025-03-25 20:00:00+00:00
92000,0.00000794,2025-03-25 20:00:00+00:00
93000,0.00000099,2025-03-25 20:00:00+00:00
95000,0.00000009,2025-03-25 20:00:00+00:00
96000,0.00000000,2025-03-25 20:00:00+00:00
100000,0.00000000,2025-03-25 20:00:00+00:00
80000,0.00000000,2025-03-25 21:00:00+00:00
82000,0.00000000,2025-03-25 21:00:00+00:00
83000,0.00000003,2025-03-25 21:00:00+00:00
85000,0.00000608,2025-03-25 21:00:00+00:00
86000,0.00021167,2025-03-25 21:00:00+00:00
87000,0.00022290,2025-03-25 21:00:00+00:00
88000,0.00000000,2025-03-25 21:00:00+00:00
89000,0.00045236,2025-03-25 21:00:00+00:00
90000,0.00006477,2025-03-25 21:00:00+00:00
92000,0.00000445,2025-03-25 21:00:00+00:00
93000,0.00000007,2025-03-25 21:00:00+00:00
94000,0.00000000,2025-03-25 21:00:00+00:00
130000,0.00000000,2025-03-25 21:00:00+00:00
135000,0.00000000,2025-03-25 21:00:00+00:00
140000,0.00000000,2025-03-25 21:00:00+00:00
145000,0.00000000,2025-03-25 21:00:00+00:00
60000,0.00000000,2025-03-25 22:00:00+00:00
80000,0.00000000,2025-03-25 22:00:00+00:00
82000,0.00000000,2025-03-25 22:00:00+00:00
83000,0.00000005,2025-03-25 22:00:00+00:00
84000,0.00000212,2025-03-25 22:00:00+00:00
85000,0.00005985,2025-03-25 22:00:00+00:00
86000,0.00046699,2025-03-25 22:00:00+00:00
87000,0.00000000,2025-03-25 22:00:00+00:00
88000,0.00000000,2025-03-25 22:00:00+00:00
89000,0.00036128,2025-03-25 22:00:00+00:00
90000,0.00009042,2025-03-25 22:00:00+00:00
91000,0.00000911,2025-03-25 22:00:00+00:00
94000,0.00000024,2025-03-25 22:00:00+00:00
100000,0.00000000,2025-03-25 22:00:00+00:00
60000,0.00000000,2025-03-25 23:00:00+00:00
75000,0.00000000,2025-03-25 23:00:00+00:00
78000,0.00000000,2025-03-25 23:00:00+00:00
80000,0.00000000,2025-03-25 23:00:00+00:00
82000,0.00000003,2025-03-25 23:00:00+00:00
83000,0.00000069,2025-03-25 23:00:00+00:00
84000,0.00001118,2025-03-25 23:00:00+00:00
85000,0.00010629,2025-03-25 23:00:00+00:00
86000,0.00045259,2025-03-25 23:00:00+00:00
87000,0.00000000,2025-03-25 23:00:00+00:00
88000,0.00000000,2025-03-25 23:00:00+00:00
89000,0.00031986,2025-03-25 23:00:00+00:00
90000,0.00008908,2025-03-25 23:00:00+00:00
91000,0.00001732,2025-03-25 23:00:00+00:00
92000,0.00000261,2025-03-25 23:00:00+00:00
93000,0.00000033,2025-03-25 23:00:00+00:00
94000,0.00000000,2025-03-25 23:00:00+00:00
65000,0.00000000,2025-03-26 00:00:00+00:00
75000,0.00000000,2025-03-26 00:00:00+00:00
76000,0.00000000,2025-03-26 00:00:00+00:00
78000,0.00000002,2025-03-26 00:00:00+00:00
80000,0.00000019,2025-03-26 00:00:00+00:00
82000,0.00000143,2025-03-26 00:00:00+00:00
83000,0.00000856,2025-03-26 00:00:00+00:00
84000,0.00003588,2025-03-26 00:00:00+00:00
85000,0.00012038,2025-03-26 00:00:00+00:00
86000,0.00028368,2025-03-26 00:00:00+00:00
87000,0.00000000,2025-03-26 00:00:00+00:00
88000,0.00000000,2025-03-26 00:00:00+00:00
89000,0.00030721,2025-03-26 00:00:00+00:00
90000,0.00015442,2025-03-26 00:00:00+00:00
91000,0.00004679,2025-03-26 00:00:00+00:00
93000,0.00001019,2025-03-26 00:00:00+00:00
94000,0.00000141,2025-03-26 00:00:00+00:00
95000,0.00000033,2025-03-26 00:00:00+00:00
96000,0.00000006,2025-03-26 00:00:00+00:00
98000,0.00000000,2025-03-26 00:00:00+00:00
82000,0.00000000,2025-03-26 01:00:00+00:00
83000,0.00000000,2025-03-26 01:00:00+00:00
84000,0.00000100,2025-03-26 01:00:00+00:00
86000,0.00008613,2025-03-26 01:00:00+00:00
87000,0.00035759,2025-03-26 01:00:00+00:00
88000,0.00000000,2025-03-26 01:00:00+00:00
89000,0.00041463,2025-03-26 01:00:00+00:00
90000,0.00008510,2025-03-26 01:00:00+00:00
91000,0.00001087,2025-03-26 01:00:00+00:00
92000,0.00000103,2025-03-26 01:00:00+00:00
93000,0.00000006,2025-03-26 01:00:00+00:00
95000,0.00000000,2025-03-26 01:00:00+00:00
96000,0.00000000,2025-03-26 01:00:00+00:00
70000,0.00000000,2025-03-26 02:00:00+00:00
72000,0.00000000,2025-03-26 02:00:00+00:00
76000,0.00000000,2025-03-26 02:00:00+00:00
80000,0.00000033,2025-03-26 02:00:00+00:00
83000,0.00000626,2025-03-26 02:00:00+00:00
84000,0.00004781,2025-03-26 02:00:00+00:00
85000,0.00015927,2025-03-26 02:00:00+00:00
86000,0.00035695,2025-03-26 02:00:00+00:00
87000,0.00000000,2025-03-26 02:00:00+00:00
88000,0.00000000,2025-03-26 02:00:00+00:00
89000,0.00026743,2025-03-26 02:00:00+00:00
90000,0.00011045,2025-03-26 02:00:00+00:00
91000,0.00003429,2025-03-26 02:00:00+00:00
92000,0.00000404,2025-03-26 02:00:00+00:00
96000,0.00000000,2025-03-26 02:00:00+00:00
80000,0.00000000,2025-03-26 03:00:00+00:00
83000,0.00000000,2025-03-26 03:00:00+00:00
84000,0.00000097,2025-03-26 03:00:00+00:00
85000,0.00005507,2025-03-26 03:00:00+00:00
86000,0.00052088,2025-03-26 03:00:00+00:00
87000,0.00000000,2025-03-26 03:00:00+00:00
88000,0.00024117,2025-03-26 03:00:00+00:00
89000,0.00015586,2025-03-26 03:00:00+00:00
90000,0.00002329,2025-03-26 03:00:00+00:00
91000,0.00000250,2025-03-26 03:00:00+00:00
92000,0.00000015,2025-03-26 03:00:00+00:00
94000,0.00000001,2025-03-26 03:00:00+00:00
95000,0.00000000,2025-03-26 03:00:00+00:00
96000,0.00000000,2025-03-26 03:00:00+00:00
80000,0.00000000,2025-03-26 04:00:00+00:00
83000,0.00000001,2025-03-26 04:00:00+00:00
84000,0.00000120,2025-03-26 04:00:00+00:00
85000,0.00006296,2025-03-26 04:00:00+00:00
86000,0.00064328,2025-03-26 04:00:00+00:00
87000,0.00000000,2025-03-26 04:00:00+00:00
88000,0.00003764,2025-03-26 04:00:00+00:00
90000,0.00015246,2025-03-26 04:00:00+00:00
91000,0.00000470,2025-03-26 04:00:00+00:00
93000,0.00000023,2025-03-26 04:00:00+00:00
94000,0.00000000,2025-03-26 04:00:00+00:00
95000,0.00000000,2025-03-26 04:00:00+00:00
70000,0.00000000,2025-03-26 05:00:00+00:00
80000,0.00000007,2025-03-26 05:00:00+00:00
82000,0.00000375,2025-03-26 05:00:00+00:00
84000,0.00012430,2025-03-26 05:00:00+00:00
87000,0.00000000,2025-03-26 05:00:00+00:00
88000,0.00000000,2025-03-26 05:00:00+00:00
89000,0.00042870,2025-03-26 05:00:00+00:00
90000,0.00018017,2025-03-26 05:00:00+00:00
91000,0.00005551,2025-03-26 05:00:00+00:00
92000,0.00000778,2025-03-26 05:00:00+00:00
95000,0.00000034,2025-03-26 05:00:00+00:00
100000,0.00000000,2025-03-26 05:00:00+00:00
72000,0.00000000,2025-03-26 06:00:00+00:00
75000,0.00000000,2025-03-26 06:00:00+00:00
76000,0.00000001,2025-03-26 06:00:00+00:00
80000,0.00000017,2025-03-26 06:00:00+00:00
82000,0.00000177,2025-03-26 06:00:00+00:00
83000,0.00000829,2025-03-26 06:00:00+00:00
84000,0.00002682,2025-03-26 06:00:00+00:00
85000,0.00007760,2025-03-26 06:00:00+00:00
86000,0.00019304,2025-03-26 06:00:00+00:00
87000,0.00020567,2025-03-26 06:00:00+00:00
88000,0.00000000,2025-03-26 06:00:00+00:00
90000,0.00030868,2025-03-26 06:00:00+00:00
91000,0.00001116,2025-03-26 06:00:00+00:00
94000,0.00000003,2025-03-26 06:00:00+00:00
95000,0.00000002,2025-03-26 06:00:00+00:00
96000,0.00000000,2025-03-26 06:00:00+00:00
125000,0.00000000,2025-03-26 06:00:00+00:00
130000,0.00000000,2025-03-26 06:00:00+00:00
140000,0.00000000,2025-03-26 06:00:00+00:00
72000,0.00000000,2025-03-26 07:00:00+00:00
76000,0.00000000,2025-03-26 07:00:00+00:00
78000,0.00000000,2025-03-26 07:00:00+00:00
80000,0.00000001,2025-03-26 07:00:00+00:00
82000,0.00000010,2025-03-26 07:00:00+00:00
83000,0.00000092,2025-03-26 07:00:00+00:00
84000,0.00000640,2025-03-26 07:00:00+00:00
85000,0.00003801,2025-03-26 07:00:00+00:00
86000,0.00015438,2025-03-26 07:00:00+00:00
87000,0.00037011,2025-03-26 07:00:00+00:00
88000,0.00000000,2025-03-26 07:00:00+00:00
89000,0.00014868,2025-03-26 07:00:00+00:00
90000,0.00019442,2025-03-26 07:00:00+00:00
91000,0.00006594,2025-03-26 07:00:00+00:00
92000,0.00001678,2025-03-26 07:00:00+00:00
93000,0.00000251,2025-03-26 07:00:00+00:00
95000,0.00000027,2025-03-26 07:00:00+00:00
96000,0.00000001,2025-03-26 07:00:00+00:00
98000,0.00000000,2025-03-26 07:00:00+00:00
100000,0.00000000,2025-03-26 07:00:00+00:00
72000,0.00000000,2025-03-26 08:00:00+00:00
76000,0.00000000,2025-03-26 08:00:00+00:00
78000,0.00000000,2025-03-26 08:00:00+00:00
80000,0.00000001,2025-03-26 08:00:00+00:00
82000,0.00000013,2025-03-26 08:00:00+00:00
83000,0.00000114,2025-03-26 08:00:00+00:00
84000,0.00000764,2025-03-26 08:00:00+00:00
85000,0.00004264,2025-03-26 08:00:00+00:00
86000,0.00015917,2025-03-26 08:00:00+00:00
87000,0.00028713,2025-03-26 08:00:00+00:00
88000,0.00000000,2025-03-26 08:00:00+00:00
89000,0.00030599,2025-03-26 08:00:00+00:00
90000,0.00013913,2025-03-26 08:00:00+00:00
91000,0.00004394,2025-03-26 08:00:00+00:00
92000,0.00000770,2025-03-26 08:00:00+00:00
94000,0.00000092,2025-03-26 08:00:00+00:00
95000,0.00000005,2025-03-26 08:00:00+00:00
96000,0.00000001,2025-03-26 08:00:00+00:00
98000,0.00000000,2025-03-26 08:00:00+00:00
100000,0.00000000,2025-03-26 08:00:00+00:00
78000,0.00000000,2025-03-26 09:00:00+00:00
80000,0.00000000,2025-03-26 09:00:00+00:00
82000,0.00000000,2025-03-26 09:00:00+00:00
83000,0.00000003,2025-03-26 09:00:00+00:00
84000,0.00000079,2025-03-26 09:00:00+00:00
85000,0.00001572,2025-03-26 09:00:00+00:00
86000,0.00013848,2025-03-26 09:00:00+00:00
87000,0.00034974,2025-03-26 09:00:00+00:00
88000,0.00000000,2025-03-26 09:00:00+00:00
89000,0.00034883,2025-03-26 09:00:00+00:00
90000,0.00011631,2025-03-26 09:00:00+00:00
91000,0.00002537,2025-03-26 09:00:00+00:00
92000,0.00000412,2025-03-26 09:00:00+00:00
93000,0.00000039,2025-03-26 09:00:00+00:00
95000,0.00000001,2025-03-26 09:00:00+00:00
100000,0.00000000,2025-03-26 09:00:00+00:00
65000,0.00000000,2025-03-26 10:00:00+00:00
78000,0.00000000,2025-03-26 10:00:00+00:00
80000,0.00000000,2025-03-26 10:00:00+00:00
83000,0.00000001,2025-03-26 10:00:00+00:00
84000,0.00000054,2025-03-26 10:00:00+00:00
85000,0.00001091,2025-03-26 10:00:00+00:00
86000,0.00011639,2025-03-26 10:00:00+00:00
87000,0.00048405,2025-03-26 10:00:00+00:00
88000,0.00000000,2025-03-26 10:00:00+00:00
89000,0.00010183,2025-03-26 10:00:00+00:00
90000,0.00022139,2025-03-26 10:00:00+00:00
91000,0.00005387,2025-03-26 10:00:00+00:00
92000,0.00000676,2025-03-26 10:00:00+00:00
94000,0.00000042,2025-03-26 10:00:00+00:00
96000,0.00000000,2025-03-26 10:00:00+00:00
100000,0.00000000,2025-03-26 10:00:00+00:00
40000,0.00000000,2025-03-26 11:00:00+00:00
75000,0.00000000,2025-03-26 11:00:00+00:00
80000,0.00000000,2025-03-26 11:00:00+00:00
83000,0.00000036,2025-03-26 11:00:00+00:00
85000,0.00001402,2025-03-26 11:00:00+00:00
86000,0.00013914,2025-03-26 11:00:00+00:00
87000,0.00034300,2025-03-26 11:00:00+00:00
88000,0.00000000,2025-03-26 11:00:00+00:00
89000,0.00034211,2025-03-26 11:00:00+00:00
90000,0.00012089,2025-03-26 11:00:00+00:00
91000,0.00002763,2025-03-26 11:00:00+00:00
92000,0.00000462,2025-03-26 11:00:00+00:00
93000,0.00000034,2025-03-26 11:00:00+00:00
96000,0.00000000,2025-03-26 11:00:00+00:00
70000,0.00000000,2025-03-26 12:00:00+00:00
82000,0.00000003,2025-03-26 12:00:00+00:00
83000,0.00000083,2025-03-26 12:00:00+00:00
85000,0.00002833,2025-03-26 12:00:00+00:00
86000,0.00054522,2025-03-26 12:00:00+00:00
87000,0.00000000,2025-03-26 12:00:00+00:00
89000,0.00000000,2025-03-26 12:00:00+00:00
90000,0.00032442,2025-03-26 12:00:00+00:00
91000,0.00007055,2025-03-26 12:00:00+00:00
92000,0.00000741,2025-03-26 12:00:00+00:00
95000,0.00000054,2025-03-26 12:00:00+00:00
96000,0.00000000,2025-03-26 12:00:00+00:00
100000,0.00000000,2025-03-26 12:00:00+00:00
102000,0.00000000,2025-03-26 12:00:00+00:00
104000,0.00000000,2025-03-26 12:00:00+00:00
75000,0.00000000,2025-03-26 13:00:00+00:00
80000,0.00000000,2025-03-26 13:00:00+00:00
82000,0.00000003,2025-03-26 13:00:00+00:00
83000,0.00000054,2025-03-26 13:00:00+00:00
84000,0.00001257,2025-03-26 13:00:00+00:00
85000,0.00016547,2025-03-26 13:00:00+00:00
86000,0.00030441,2025-03-26 13:00:00+00:00
87000,0.00000000,2025-03-26 13:00:00+00:00
88000,0.00038659,2025-03-26 13:00:00+00:00
89000,0.00010637,2025-03-26 13:00:00+00:00
90000,0.00002035,2025-03-26 13:00:00+00:00
91000,0.00000315,2025-03-26 13:00:00+00:00
92000,0.00000043,2025-03-26 13:00:00+00:00
93000,0.00000005,2025-03-26 13:00:00+00:00
94000,0.00000001,2025-03-26 13:00:00+00:00
95000,0.00000000,2025-03-26 13:00:00+00:00
96000,0.00000000,2025-03-26 13:00:00+00:00
100000,0.00000000,2025-03-26 13:00:00+00:00
105000,0.00000000,2025-03-26 13:00:00+00:00
55000,0.00000000,2025-03-26 14:00:00+00:00
65000,0.00000000,2025-03-26 14:00:00+00:00
72000,0.00000000,2025-03-26 14:00:00+00:00
80000,0.00000000,2025-03-26 14:00:00+00:00
82000,0.00000003,2025-03-26 14:00:00+00:00
83000,0.00000045,2025-03-26 14:00:00+00:00
84000,0.00005294,2025-03-26 14:00:00+00:00
85000,0.00032821,2025-03-26 14:00:00+00:00
86000,0.00011056,2025-03-26 14:00:00+00:00
87000,0.00000000,2025-03-26 14:00:00+00:00
88000,0.00026798,2025-03-26 14:00:00+00:00
89000,0.00013444,2025-03-26 14:00:00+00:00
90000,0.00006107,2025-03-26 14:00:00+00:00
91000,0.00002617,2025-03-26 14:00:00+00:00
92000,0.00000868,2025-03-26 14:00:00+00:00
94000,0.00000263,2025-03-26 14:00:00+00:00
95000,0.00000070,2025-03-26 14:00:00+00:00
96000,0.00000022,2025-03-26 14:00:00+00:00
98000,0.00000005,2025-03-26 14:00:00+00:00
100000,0.00000000,2025-03-26 14:00:00+00:00
112000,0.00000000,2025-03-26 14:00:00+00:00
78000,0.00000000,2025-03-26 15:00:00+00:00
83000,0.00000028,2025-03-26 15:00:00+00:00
84000,0.00001825,2025-03-26 15:00:00+00:00
85000,0.00022761,2025-03-26 15:00:00+00:00
86000,0.00019357,2025-03-26 15:00:00+00:00
87000,0.00000000,2025-03-26 15:00:00+00:00
88000,0.00043484,2025-03-26 15:00:00+00:00
89000,0.00010524,2025-03-26 15:00:00+00:00
90000,0.00001716,2025-03-26 15:00:00+00:00
91000,0.00000221,2025-03-26 15:00:00+00:00
92000,0.00000025,2025-03-26 15:00:00+00:00
93000,0.00000002,2025-03-26 15:00:00+00:00
95000,0.00000000,2025-03-26 15:00:00+00:00
96000,0.00000000,2025-03-26 15:00:00+00:00
98000,0.00000000,2025-03-26 15:00:00+00:00
106000,0.00000000,2025-03-26 15:00:00+00:00
70000,0.00000000,2025-03-26 16:00:00+00:00
72000,0.00000000,2025-03-26 16:00:00+00:00
78000,0.00000010,2025-03-26 16:00:00+00:00
82000,0.00000286,2025-03-26 16:00:00+00:00
83000,0.00003083,2025-03-26 16:00:00+00:00
84000,0.00012381,2025-03-26 16:00:00+00:00
85000,0.00033516,2025-03-26 16:00:00+00:00
86000,0.00000000,2025-03-26 16:00:00+00:00
87000,0.00000000,2025-03-26 16:00:00+00:00
88000,0.00032502,2025-03-26 16:00:00+00:00
89000,0.00012982,2025-03-26 16:00:00+00:00
90000,0.00003741,2025-03-26 16:00:00+00:00
91000,0.00000843,2025-03-26 16:00:00+00:00
92000,0.00000159,2025-03-26 16:00:00+00:00
93000,0.00000019,2025-03-26 16:00:00+00:00
95000,0.00000002,2025-03-26 16:00:00+00:00
96000,0.00000000,2025-03-26 16:00:00+00:00
65000,0.00000000,2025-03-26 17:00:00+00:00
75000,0.00000000,2025-03-26 17:00:00+00:00
78000,0.00000000,2025-03-26 17:00:00+00:00
80000,0.00000006,2025-03-26 17:00:00+00:00
82000,0.00001508,2025-03-26 17:00:00+00:00
85000,0.00021337,2025-03-26 17:00:00+00:00
86000,0.00000000,2025-03-26 17:00:00+00:00
87000,0.00000000,2025-03-26 17:00:00+00:00
88000,0.00029641,2025-03-26 17:00:00+00:00
90000,0.00005722,2025-03-26 17:00:00+00:00
91000,0.00000430,2025-03-26 17:00:00+00:00
92000,0.00000043,2025-03-26 17:00:00+00:00
94000,0.00000003,2025-03-26 17:00:00+00:00
95000,0.00000000,2025-03-26 17:00:00+00:00
98000,0.00000000,2025-03-26 17:00:00+00:00
100000,0.00000000,2025-03-26 17:00:00+00:00
75000,0.00000000,2025-03-26 18:00:00+00:00
78000,0.00000000,2025-03-26 18:00:00+00:00
80000,0.00000021,2025-03-26 18:00:00+00:00
83000,0.00000772,2025-03-26 18:00:00+00:00
84000,0.00011854,2025-03-26 18:00:00+00:00
85000,0.00046309,2025-03-26 18:00:00+00:00
86000,0.00000000,2025-03-26 18:00:00+00:00
87000,0.00012653,2025-03-26 18:00:00+00:00
88000,0.00021550,2025-03-26 18:00:00+00:00
89000,0.00005060,2025-03-26 18:00:00+00:00
90000,0.00000847,2025-03-26 18:00:00+00:00
91000,0.00000113,2025-03-26 18:00:00+00:00
92000,0.00000013,2025-03-26 18:00:00+00:00
93000,0.00000001,2025-03-26 18:00:00+00:00
94000,0.00000000,2025-03-26 18:00:00+00:00
95000,0.00000000,2025-03-26 18:00:00+00:00
100000,0.00000000,2025-03-26 18:00:00+00:00
70000,0.00000000,2025-03-26 19:00:00+00:00
72000,0.00000000,2025-03-26 19:00:00+00:00
75000,0.00000000,2025-03-26 19:00:00+00:00
76000,0.00000000,2025-03-26 19:00:00+00:00
78000,0.00000000,2025-03-26 19:00:00+00:00
80000,0.00000010,2025-03-26 19:00:00+00:00
82000,0.00000164,2025-03-26 19:00:00+00:00
83000,0.00001782,2025-03-26 19:00:00+00:00
84000,0.00010215,2025-03-26 19:00:00+00:00
85000,0.00034917,2025-03-26 19:00:00+00:00
86000,0.00000000,2025-03-26 19:00:00+00:00
87000,0.00000000,2025-03-26 19:00:00+00:00
88000,0.00035881,2025-03-26 19:00:00+00:00
89000,0.00012914,2025-03-26 19:00:00+00:00
90000,0.00002391,2025-03-26 19:00:00+00:00
92000,0.00000281,2025-03-26 19:00:00+00:00
93000,0.00000015,2025-03-26 19:00:00+00:00
94000,0.00000001,2025-03-26 19:00:00+00:00
98000,0.00000000,2025-03-26 19:00:00+00:00
80000,0.00000000,2025-03-26 20:00:00+00:00
82000,0.00000000,2025-03-26 20:00:00+00:00
84000,0.00000104,2025-03-26 20:00:00+00:00
85000,0.00006746,2025-03-26 20:00:00+00:00
86000,0.00059505,2025-03-26 20:00:00+00:00
87000,0.00000000,2025-03-26 20:00:00+00:00
88000,0.00000258,2025-03-26 20:00:00+00:00
89000,0.00027591,2025-03-26 20:00:00+00:00
90000,0.00005024,2025-03-26 20:00:00+00:00
91000,0.00000646,2025-03-26 20:00:00+00:00
92000,0.00000046,2025-03-26 20:00:00+00:00
94000,0.00000001,2025-03-26 20:00:00+00:00
98000,0.00000000,2025-03-26 20:00:00+00:00
50000,0.00000000,2025-03-26 21:00:00+00:00
76000,0.00000000,2025-03-26 21:00:00+00:00
80000,0.00000000,2025-03-26 21:00:00+00:00
82000,0.00000005,2025-03-26 21:00:00+00:00
84000,0.00000476,2025-03-26 21:00:00+00:00
85000,0.00009931,2025-03-26 21:00:00+00:00
86000,0.00045167,2025-03-26 21:00:00+00:00
87000,0.00000000,2025-03-26 21:00:00+00:00
88000,0.00025631,2025-03-26 21:00:00+00:00
89000,0.00015324,2025-03-26 21:00:00+00:00
90000,0.00002148,2025-03-26 21:00:00+00:00
92000,0.00000000,2025-03-26 21:00:00+00:00
40000,0.00000000,2025-03-26 22:00:00+00:00
76000,0.00000000,2025-03-26 22:00:00+00:00
78000,0.00000000,2025-03-26 22:00:00+00:00
80000,0.00000008,2025-03-26 22:00:00+00:00
82000,0.00001094,2025-03-26 22:00:00+00:00
85000,0.00013236,2025-03-26 22:00:00+00:00
86000,0.00015557,2025-03-26 22:00:00+00:00
87000,0.00000000,2025-03-26 22:00:00+00:00
88000,0.00035134,2025-03-26 22:00:00+00:00
89000,0.00014583,2025-03-26 22:00:00+00:00
90000,0.00002052,2025-03-26 22:00:00+00:00
94000,0.00000093,2025-03-26 22:00:00+00:00
98000,0.00000000,2025-03-26 22:00:00+00:00
100000,0.00000000,2025-03-26 22:00:00+00:00
102000,0.00000000,2025-03-26 22:00:00+00:00
80000,0.00000000,2025-03-26 23:00:00+00:00
84000,0.00000065,2025-03-26 23:00:00+00:00
85000,0.00008970,2025-03-26 23:00:00+00:00
86000,0.00042472,2025-03-26 23:00:00+00:00
87000,0.00000000,2025-03-26 23:00:00+00:00
88000,0.00019358,2025-03-26 23:00:00+00:00
92000,0.00000000,2025-03-26 23:00:00+00:00
78000,0.00000000,2025-03-27 00:00:00+00:00
80000,0.00000005,2025-03-27 00:00:00+00:00
82000,0.00000041,2025-03-27 00:00:00+00:00
83000,0.00000350,2025-03-27 00:00:00+00:00
84000,0.00002537,2025-03-27 00:00:00+00:00
85000,0.00014310,2025-03-27 00:00:00+00:00
86000,0.00044663,2025-03-27 00:00:00+00:00
87000,0.00000000,2025-03-27 00:00:00+00:00
88000,0.00000000,2025-03-27 00:00:00+00:00
89000,0.00026450,2025-03-27 00:00:00+00:00
90000,0.00006584,2025-03-27 00:00:00+00:00
92000,0.00001081,2025-03-27 00:00:00+00:00
93000,0.00000098,2025-03-27 00:00:00+00:00
94000,0.00000005,2025-03-27 00:00:00+00:00
102000,0.00000000,2025-03-27 00:00:00+00:00
103000,0.00000000,2025-03-27 00:00:00+00:00
104000,0.00000000,2025-03-27 00:00:00+00:00
72000,0.00000000,2025-03-27 01:00:00+00:00
78000,0.00000000,2025-03-27 01:00:00+00:00
80000,0.00000002,2025-03-27 01:00:00+00:00
82000,0.00000023,2025-03-27 01:00:00+00:00
83000,0.00000289,2025-03-27 01:00:00+00:00
84000,0.00002345,2025-03-27 01:00:00+00:00
85000,0.00013120,2025-03-27 01:00:00+00:00
86000,0.00041159,2025-03-27 01:00:00+00:00
87000,0.00000000,2025-03-27 01:00:00+00:00
88000,0.00000000,2025-03-27 01:00:00+00:00
89000,0.00030152,2025-03-27 01:00:00+00:00
90000,0.00007456,2025-03-27 01:00:00+00:00
92000,0.00001091,2025-03-27 01:00:00+00:00
93000,0.00000039,2025-03-27 01:00:00+00:00
96000,0.00000000,2025-03-27 01:00:00+00:00
60000,0.00000000,2025-03-27 02:00:00+00:00
72000,0.00000000,2025-03-27 02:00:00+00:00
75000,0.00000000,2025-03-27 02:00:00+00:00
76000,0.00000000,2025-03-27 02:00:00+00:00
80000,0.00000002,2025-03-27 02:00:00+00:00
82000,0.00000111,2025-03-27 02:00:00+00:00
84000,0.00001600,2025-03-27 02:00:00+00:00
85000,0.00010945,2025-03-27 02:00:00+00:00
86000,0.00033456,2025-03-27 02:00:00+00:00
87000,0.00000000,2025-03-27 02:00:00+00:00
88000,0.00000000,2025-03-27 02:00:00+00:00
89000,0.00034686,2025-03-27 02:00:00+00:00
90000,0.00013536,2025-03-27 02:00:00+00:00
91000,0.00003770,2025-03-27 02:00:00+00:00
92000,0.00000813,2025-03-27 02:00:00+00:00
93000,0.00000055,2025-03-27 02:00:00+00:00
98000,0.00000000,2025-03-27 02:00:00+00:00
78000,0.00000000,2025-03-27 03:00:00+00:00
80000,0.00000000,2025-03-27 03:00:00+00:00
82000,0.00000000,2025-03-27 03:00:00+00:00
84000,0.00000048,2025-03-27 03:00:00+00:00
85000,0.00002948,2025-03-27 03:00:00+00:00
86000,0.00033459,2025-03-27 03:00:00+00:00
87000,0.00001202,2025-03-27 03:00:00+00:00
88000,0.00000000,2025-03-27 03:00:00+00:00
89000,0.00049601,2025-03-27 03:00:00+00:00
90000,0.00011172,2025-03-27 03:00:00+00:00
91000,0.00001546,2025-03-27 03:00:00+00:00
92000,0.00000000,2025-03-27 03:00:00+00:00
84000,0.00000000,2025-03-27 04:00:00+00:00
85000,0.00000020,2025-03-27 04:00:00+00:00
86000,0.00039805,2025-03-27 04:00:00+00:00
87000,0.00000000,2025-03-27 04:00:00+00:00
88000,0.00000000,2025-03-27 04:00:00+00:00
89000,0.00059513,2025-03-27 04:00:00+00:00
90000,0.00000662,2025-03-27 04:00:00+00:00
91000,0.00000000,2025-03-27 04:00:00+00:00
82000,0.00000000,2025-03-27 05:00:00+00:00
84000,0.00000000,2025-03-27 05:00:00+00:00
85000,0.00001404,2025-03-27 05:00:00+00:00
86000,0.00064972,2025-03-27 05:00:00+00:00
87000,0.00000000,2025-03-27 05:00:00+00:00
88000,0.00001950,2025-03-27 05:00:00+00:00
89000,0.00020289,2025-03-27 05:00:00+00:00
91000,0.00000824,2025-03-27 05:00:00+00:00
92000,0.00000003,2025-03-27 05:00:00+00:00
93000,0.00000000,2025-03-27 05:00:00+00:00
110000,0.00000000,2025-03-27 05:00:00+00:00
76000,0.00000000,2025-03-27 06:00:00+00:00
78000,0.00000000,2025-03-27 06:00:00+00:00
80000,0.00000000,2025-03-27 06:00:00+00:00
82000,0.00000002,2025-03-27 06:00:00+00:00
83000,0.00000062,2025-03-27 06:00:00+00:00
84000,0.00001257,2025-03-27 06:00:00+00:00
85000,0.00013007,2025-03-27 06:00:00+00:00
86000,0.00056019,2025-03-27 06:00:00+00:00
87000,0.00000000,2025-03-27 06:00:00+00:00
88000,0.00000000,2025-03-27 06:00:00+00:00
90000,0.00018437,2025-03-27 06:00:00+00:00
91000,0.00001731,2025-03-27 06:00:00+00:00
92000,0.00000028,2025-03-27 06:00:00+00:00
110000,0.00000000,2025-03-27 06:00:00+00:00
80000,0.00000000,2025-03-27 07:00:00+00:00
82000,0.00000000,2025-03-27 07:00:00+00:00
83000,0.00000000,2025-03-27 07:00:00+00:00
84000,0.00000011,2025-03-27 07:00:00+00:00
85000,0.00002693,2025-03-27 07:00:00+00:00
86000,0.00055641,2025-03-27 07:00:00+00:00
87000,0.00000000,2025-03-27 07:00:00+00:00
88000,0.00000000,2025-03-27 07:00:00+00:00
89000,0.00037050,2025-03-27 07:00:00+00:00
90000,0.00004320,2025-03-27 07:00:00+00:00
91000,0.00000285,2025-03-27 07:00:00+00:00
92000,0.00000000,2025-03-27 07:00:00+00:00
82000,0.00000000,2025-03-27 08:00:00+00:00
83000,0.00000000,2025-03-27 08:00:00+00:00
84000,0.00000003,2025-03-27 08:00:00+00:00
85000,0.00001848,2025-03-27 08:00:00+00:00
86000,0.00052667,2025-03-27 08:00:00+00:00
87000,0.00000000,2025-03-27 08:00:00+00:00
88000,0.00000000,2025-03-27 08:00:00+00:00
89000,0.00039930,2025-03-27 08:00:00+00:00
90000,0.00005123,2025-03-27 08:00:00+00:00
91000,0.00000404,2025-03-27 08:00:00+00:00
92000,0.00000010,2025-03-27 08:00:00+00:00
96000,0.00000000,2025-03-27 08:00:00+00:00
110000,0.00000000,2025-03-27 08:00:00+00:00
82000,0.00000000,2025-03-27 09:00:00+00:00
83000,0.00000000,2025-03-27 09:00:00+00:00
84000,0.00000000,2025-03-27 09:00:00+00:00
85000,0.00001017,2025-03-27 09:00:00+00:00
86000,0.00056093,2025-03-27 09:00:00+00:00
87000,0.00000000,2025-03-27 09:00:00+00:00
88000,0.00000000,2025-03-27 09:00:00+00:00
89000,0.00039942,2025-03-27 09:00:00+00:00
90000,0.00002947,2025-03-27 09:00:00+00:00
91000,0.00000000,2025-03-27 09:00:00+00:00
55000,0.00000000,2025-03-27 10:00:00+00:00
83000,0.00000000,2025-03-27 10:00:00+00:00
84000,0.00000000,2025-03-27 10:00:00+00:00
85000,0.00000820,2025-03-27 10:00:00+00:00
86000,0.00055602,2025-03-27 10:00:00+00:00
87000,0.00000000,2025-03-27 10:00:00+00:00
88000,0.00030493,2025-03-27 10:00:00+00:00
89000,0.00012518,2025-03-27 10:00:00+00:00
90000,0.00000554,2025-03-27 10:00:00+00:00
91000,0.00000013,2025-03-27 10:00:00+00:00
92000,0.00000000,2025-03-27 10:00:00+00:00
50000,0.00000000,2025-03-27 11:00:00+00:00
76000,0.00000000,2025-03-27 11:00:00+00:00
80000,0.00000002,2025-03-27 11:00:00+00:00
82000,0.00000030,2025-03-27 11:00:00+00:00
83000,0.00000283,2025-03-27 11:00:00+00:00
84000,0.00002307,2025-03-27 11:00:00+00:00
85000,0.00014029,2025-03-27 11:00:00+00:00
86000,0.00033108,2025-03-27 11:00:00+00:00
87000,0.00000000,2025-03-27 11:00:00+00:00
88000,0.00034899,2025-03-27 11:00:00+00:00
89000,0.00012018,2025-03-27 11:00:00+00:00
90000,0.00002742,2025-03-27 11:00:00+00:00
91000,0.00000479,2025-03-27 11:00:00+00:00
92000,0.00000071,2025-03-27 11:00:00+00:00
93000,0.00000010,2025-03-27 11:00:00+00:00
94000,0.00000001,2025-03-27 11:00:00+00:00
95000,0.00000000,2025-03-27 11:00:00+00:00
96000,0.00000000,2025-03-27 11:00:00+00:00
98000,0.00000000,2025-03-27 11:00:00+00:00
100000,0.00000000,2025-03-27 11:00:00+00:00
102000,0.00000000,2025-03-27 11:00:00+00:00
80000,0.00000000,2025-03-27 12:00:00+00:00
82000,0.00000000,2025-03-27 12:00:00+00:00
83000,0.00000000,2025-03-27 12:00:00+00:00
84000,0.00000164,2025-03-27 12:00:00+00:00
85000,0.00014314,2025-03-27 12:00:00+00:00
86000,0.00031545,2025-03-27 12:00:00+00:00
87000,0.00000000,2025-03-27 12:00:00+00:00
88000,0.00047676,2025-03-27 12:00:00+00:00
89000,0.00005929,2025-03-27 12:00:00+00:00
90000,0.00000359,2025-03-27 12:00:00+00:00
91000,0.00000002,2025-03-27 12:00:00+00:00
104000,0.00000000,2025-03-27 12:00:00+00:00
75000,0.00000000,2025-03-27 13:00:00+00:00
76000,0.00000000,2025-03-27 13:00:00+00:00
78000,0.00000000,2025-03-27 13:00:00+00:00
80000,0.00000001,2025-03-27 13:00:00+00:00
82000,0.00000038,2025-03-27 13:00:00+00:00
83000,0.00000985,2025-03-27 13:00:00+00:00
84000,0.00010237,2025-03-27 13:00:00+00:00
85000,0.00046469,2025-03-27 13:00:00+00:00
86000,0.00000000,2025-03-27 13:00:00+00:00
87000,0.00000000,2025-03-27 13:00:00+00:00
88000,0.00032310,2025-03-27 13:00:00+00:00
89000,0.00008292,2025-03-27 13:00:00+00:00
90000,0.00001439,2025-03-27 13:00:00+00:00
91000,0.00000188,2025-03-27 13:00:00+00:00
92000,0.00000014,2025-03-27 13:00:00+00:00
94000,0.00000000,2025-03-27 13:00:00+00:00
76000,0.00000000,2025-03-27 14:00:00+00:00
80000,0.00000000,2025-03-27 14:00:00+00:00
82000,0.00000000,2025-03-27 14:00:00+00:00
83000,0.00000017,2025-03-27 14:00:00+00:00
84000,0.00000630,2025-03-27 14:00:00+00:00
85000,0.00010012,2025-03-27 14:00:00+00:00
86000,0.00053205,2025-03-27 14:00:00+00:00
87000,0.00000000,2025-03-27 14:00:00+00:00
88000,0.00000000,2025-03-27 14:00:00+00:00
89000,0.00028762,2025-03-27 14:00:00+00:00
90000,0.00006317,2025-03-27 14:00:00+00:00
91000,0.00000939,2025-03-27 14:00:00+00:00
92000,0.00000033,2025-03-27 14:00:00+00:00
98000,0.00000000,2025-03-27 14:00:00+00:00
100000,0.00000000,2025-03-27 14:00:00+00:00
20000,0.00000000,2025-03-27 15:00:00+00:00
70000,0.00000000,2025-03-27 15:00:00+00:00
80000,0.00000000,2025-03-27 15:00:00+00:00
82000,0.00000000,2025-03-27 15:00:00+00:00
83000,0.00000000,2025-03-27 15:00:00+00:00
84000,0.00000046,2025-03-27 15:00:00+00:00
85000,0.00005159,2025-03-27 15:00:00+00:00
86000,0.00046189,2025-03-27 15:00:00+00:00
87000,0.00000000,2025-03-27 15:00:00+00:00
88000,0.00041171,2025-03-27 15:00:00+00:00
89000,0.00006859,2025-03-27 15:00:00+00:00
90000,0.00000549,2025-03-27 15:00:00+00:00
91000,0.00000011,2025-03-27 15:00:00+00:00
95000,0.00000000,2025-03-27 15:00:00+00:00
100000,0.00000000,2025-03-27 15:00:00+00:00
78000,0.00000000,2025-03-27 16:00:00+00:00
80000,0.00000000,2025-03-27 16:00:00+00:00
82000,0.00000002,2025-03-27 16:00:00+00:00
84000,0.00000474,2025-03-27 16:00:00+00:00
85000,0.00014846,2025-03-27 16:00:00+00:00
86000,0.00032110,2025-03-27 16:00:00+00:00
87000,0.00000000,2025-03-27 16:00:00+00:00
88000,0.00042048,2025-03-27 16:00:00+00:00
89000,0.00009042,2025-03-27 16:00:00+00:00
90000,0.00001133,2025-03-27 16:00:00+00:00
91000,0.00000099,2025-03-27 16:00:00+00:00
92000,0.00000007,2025-03-27 16:00:00+00:00
93000,0.00000000,2025-03-27 16:00:00+00:00
94000,0.00000000,2025-03-27 16:00:00+00:00
100000,0.00000000,2025-03-27 16:00:00+00:00
76000,0.00000000,2025-03-27 17:00:00+00:00
78000,0.00000000,2025-03-27 17:00:00+00:00
80000,0.00000014,2025-03-27 17:00:00+00:00
83000,0.00000267,2025-03-27 17:00:00+00:00
84000,0.00003377,2025-03-27 17:00:00+00:00
85000,0.00016445,2025-03-27 17:00:00+00:00
86000,0.00027962,2025-03-27 17:00:00+00:00
87000,0.00000000,2025-03-27 17:00:00+00:00
88000,0.00034723,2025-03-27 17:00:00+00:00
89000,0.00012979,2025-03-27 17:00:00+00:00
90000,0.00003230,2025-03-27 17:00:00+00:00
91000,0.00000606,2025-03-27 17:00:00+00:00
92000,0.00000067,2025-03-27 17:00:00+00:00
94000,0.00000005,2025-03-27 17:00:00+00:00
95000,0.00000000,2025-03-27 17:00:00+00:00
96000,0.00000000,2025-03-27 17:00:00+00:00
98000,0.00000000,2025-03-27 17:00:00+00:00
100000,0.00000000,2025-03-27 17:00:00+00:00
102000,0.00000000,2025-03-27 17:00:00+00:00
78000,0.00000000,2025-03-27 18:00:00+00:00
80000,0.00000000,2025-03-27 18:00:00+00:00
82000,0.00000000,2025-03-27 18:00:00+00:00
83000,0.00000010,2025-03-27 18:00:00+00:00
84000,0.00000498,2025-03-27 18:00:00+00:00
85000,0.00009187,2025-03-27 18:00:00+00:00
86000,0.00050579,2025-03-27 18:00:00+00:00
87000,0.00000000,2025-03-27 18:00:00+00:00
88000,0.00016432,2025-03-27 18:00:00+00:00
90000,0.00009688,2025-03-27 18:00:00+00:00
91000,0.00000497,2025-03-27 18:00:00+00:00
92000,0.00000032,2025-03-27 18:00:00+00:00
94000,0.00000000,2025-03-27 18:00:00+00:00
80000,0.00000000,2025-03-27 19:00:00+00:00
82000,0.00000000,2025-03-27 19:00:00+00:00
83000,0.00000000,2025-03-27 19:00:00+00:00
84000,0.00000056,2025-03-27 19:00:00+00:00
85000,0.00004929,2025-03-27 19:00:00+00:00
86000,0.00048483,2025-03-27 19:00:00+00:00
87000,0.00000000,2025-03-27 19:00:00+00:00
88000,0.00035705,2025-03-27 19:00:00+00:00
89000,0.00009746,2025-03-27 19:00:00+00:00
90000,0.00000425,2025-03-27 19:00:00+00:00
94000,0.00000004,2025-03-27 19:00:00+00:00
100000,0.00000000,2025-03-27 19:00:00+00:00
80000,0.00000000,2025-03-27 20:00:00+00:00
83000,0.00000000,2025-03-27 20:00:00+00:00
84000,0.00000017,2025-03-27 20:00:00+00:00
85000,0.00003553,2025-03-27 20:00:00+00:00
86000,0.00063102,2025-03-27 20:00:00+00:00
87000,0.00000000,2025-03-27 20:00:00+00:00
88000,0.00000000,2025-03-27 20:00:00+00:00
89000,0.00029668,2025-03-27 20:00:00+00:00
90000,0.00002353,2025-03-27 20:00:00+00:00
92000,0.00000065,2025-03-27 20:00:00+00:00
94000,0.00000000,2025-03-27 20:00:00+00:00
95000,0.00000000,2025-03-27 20:00:00+00:00
100000,0.00000000,2025-03-27 20:00:00+00:00
80000,0.00000000,2025-03-27 21:00:00+00:00
84000,0.00000000,2025-03-27 21:00:00+00:00
85000,0.00000002,2025-03-27 21:00:00+00:00
86000,0.00025266,2025-03-27 21:00:00+00:00
87000,0.00012209,2025-03-27 21:00:00+00:00
88000,0.00000000,2025-03-27 21:00:00+00:00
89000,0.00062523,2025-03-27 21:00:00+00:00
90000,0.00000000,2025-03-27 21:00:00+00:00
40000,0.00000000,2025-03-27 22:00:00+00:00
80000,0.00000000,2025-03-27 22:00:00+00:00
84000,0.00000612,2025-03-27 22:00:00+00:00
85000,0.00024859,2025-03-27 22:00:00+00:00
86000,0.00054334,2025-03-27 22:00:00+00:00
87000,0.00000000,2025-03-27 22:00:00+00:00
88000,0.00000000,2025-03-27 22:00:00+00:00
89000,0.00019276,2025-03-27 22:00:00+00:00
90000,0.00000000,2025-03-27 22:00:00+00:00
78000,0.00000000,2025-03-27 23:00:00+00:00
80000,0.00000000,2025-03-27 23:00:00+00:00
82000,0.00000001,2025-03-27 23:00:00+00:00
84000,0.00000202,2025-03-27 23:00:00+00:00
85000,0.00008063,2025-03-27 23:00:00+00:00
86000,0.00053383,2025-03-27 23:00:00+00:00
87000,0.00000000,2025-03-27 23:00:00+00:00
88000,0.00011015,2025-03-27 23:00:00+00:00
89000,0.00022810,2025-03-27 23:00:00+00:00
90000,0.00003942,2025-03-27 23:00:00+00:00
91000,0.00000442,2025-03-27 23:00:00+00:00
92000,0.00000025,2025-03-27 23:00:00+00:00
94000,0.00000000,2025-03-27 23:00:00+00:00
100000,0.00000000,2025-03-27 23:00:00+00:00
70000,0.00000000,2025-03-28 00:00:00+00:00
75000,0.00000000,2025-03-28 00:00:00+00:00
80000,0.00000000,2025-03-28 00:00:00+00:00
82000,0.00000000,2025-03-28 00:00:00+00:00
84000,0.00000015,2025-03-28 00:00:00+00:00
85000,0.00003605,2025-03-28 00:00:00+00:00
86000,0.00058843,2025-03-28 00:00:00+00:00
87000,0.00000000,2025-03-28 00:00:00+00:00
88000,0.00000000,2025-03-28 00:00:00+00:00
89000,0.00033228,2025-03-28 00:00:00+00:00
90000,0.00004010,2025-03-28 00:00:00+00:00
91000,0.00000278,2025-03-28 00:00:00+00:00
92000,0.00000007,2025-03-28 00:00:00+00:00
95000,0.00000000,2025-03-28 00:00:00+00:00
96000,0.00000000,2025-03-28 00:00:00+00:00
70000,0.00000000,2025-03-28 01:00:00+00:00
76000,0.00000000,2025-03-28 01:00:00+00:00
80000,0.00000002,2025-03-28 01:00:00+00:00
84000,0.00000354,2025-03-28 01:00:00+00:00
85000,0.00010765,2025-03-28 01:00:00+00:00
86000,0.00050242,2025-03-28 01:00:00+00:00
87000,0.00000000,2025-03-28 01:00:00+00:00
88000,0.00008533,2025-03-28 01:00:00+00:00
89000,0.00023673,2025-03-28 01:00:00+00:00
90000,0.00005072,2025-03-28 01:00:00+00:00
91000,0.00000736,2025-03-28 01:00:00+00:00
92000,0.00000056,2025-03-28 01:00:00+00:00
94000,0.00000000,2025-03-28 01:00:00+00:00
70000,0.00000000,2025-03-28 02:00:00+00:00
75000,0.00000000,2025-03-28 02:00:00+00:00
80000,0.00000000,2025-03-28 02:00:00+00:00
84000,0.00000026,2025-03-28 02:00:00+00:00
85000,0.00005513,2025-03-28 02:00:00+00:00
86000,0.00046418,2025-03-28 02:00:00+00:00
87000,0.00000000,2025-03-28 02:00:00+00:00
88000,0.00039342,2025-03-28 02:00:00+00:00
89000,0.00007764,2025-03-28 02:00:00+00:00
90000,0.00000577,2025-03-28 02:00:00+00:00
92000,0.00000017,2025-03-28 02:00:00+00:00
94000,0.00000000,2025-03-28 02:00:00+00:00
95000,0.00000000,2025-03-28 02:00:00+00:00
96000,0.00000000,2025-03-28 02:00:00+00:00
98000,0.00000000,2025-03-28 02:00:00+00:00
20000,0.00000000,2025-03-28 03:00:00+00:00
65000,0.00000000,2025-03-28 03:00:00+00:00
70000,0.00000000,2025-03-28 03:00:00+00:00
75000,0.00000000,2025-03-28 03:00:00+00:00
80000,0.00000000,2025-03-28 03:00:00+00:00
82000,0.00000001,2025-03-28 03:00:00+00:00
83000,0.00000060,2025-03-28 03:00:00+00:00
84000,0.00002147,2025-03-28 03:00:00+00:00
85000,0.00022591,2025-03-28 03:00:00+00:00
86000,0.00021050,2025-03-28 03:00:00+00:00
87000,0.00000000,2025-03-28 03:00:00+00:00
88000,0.00039086,2025-03-28 03:00:00+00:00
89000,0.00011967,2025-03-28 03:00:00+00:00
90000,0.00001868,2025-03-28 03:00:00+00:00
92000,0.00000145,2025-03-28 03:00:00+00:00
94000,0.00000004,2025-03-28 03:00:00+00:00
95000,0.00000000,2025-03-28 03:00:00+00:00
96000,0.00000000,2025-03-28 03:00:00+00:00
100000,0.00000000,2025-03-28 03:00:00+00:00
105000,0.00000000,2025-03-28 03:00:00+00:00
70000,0.00000000,2025-03-28 04:00:00+00:00
80000,0.00000000,2025-03-28 04:00:00+00:00
82000,0.00000000,2025-03-28 04:00:00+00:00
83000,0.00000004,2025-03-28 04:00:00+00:00
84000,0.00002355,2025-03-28 04:00:00+00:00
85000,0.00062851,2025-03-28 04:00:00+00:00
86000,0.00000000,2025-03-28 04:00:00+00:00
87000,0.00004520,2025-03-28 04:00:00+00:00
88000,0.00027867,2025-03-28 04:00:00+00:00
89000,0.00002300,2025-03-28 04:00:00+00:00
90000,0.00000034,2025-03-28 04:00:00+00:00
95000,0.00000000,2025-03-28 04:00:00+00:00
96000,0.00000000,2025-03-28 04:00:00+00:00
100000,0.00000000,2025-03-28 04:00:00+00:00
60000,0.00000000,2025-03-28 05:00:00+00:00
70000,0.00000000,2025-03-28 05:00:00+00:00
78000,0.00000000,2025-03-28 05:00:00+00:00
80000,0.00000128,2025-03-28 05:00:00+00:00
82000,0.00000689,2025-03-28 05:00:00+00:00
83000,0.00011514,2025-03-28 05:00:00+00:00
84000,0.00024749,2025-03-28 05:00:00+00:00
85000,0.00026451,2025-03-28 05:00:00+00:00
86000,0.00000000,2025-03-28 05:00:00+00:00
87000,0.00007591,2025-03-28 05:00:00+00:00
88000,0.00010182,2025-03-28 05:00:00+00:00
89000,0.00006622,2025-03-28 05:00:00+00:00
90000,0.00003301,2025-03-28 05:00:00+00:00
93000,0.00001556,2025-03-28 05:00:00+00:00
94000,0.00000683,2025-03-28 05:00:00+00:00
95000,0.00000338,2025-03-28 05:00:00+00:00
98000,0.00000144,2025-03-28 05:00:00+00:00
100000,0.00000049,2025-03-28 05:00:00+00:00
102000,0.00000021,2025-03-28 05:00:00+00:00
104000,0.00000002,2025-03-28 05:00:00+00:00
135000,0.00000000,2025-03-28 05:00:00+00:00
60000,0.00000000,2025-03-28 06:00:00+00:00
70000,0.00000000,2025-03-28 06:00:00+00:00
75000,0.00000000,2025-03-28 06:00:00+00:00
80000,0.00000001,2025-03-28 06:00:00+00:00
82000,0.00000103,2025-03-28 06:00:00+00:00
83000,0.00003512,2025-03-28 06:00:00+00:00
84000,0.00028971,2025-03-28 06:00:00+00:00
85000,0.00007886,2025-03-28 06:00:00+00:00
86000,0.00000000,2025-03-28 06:00:00+00:00
87000,0.00044757,2025-03-28 06:00:00+00:00
88000,0.00008891,2025-03-28 06:00:00+00:00
90000,0.00000683,2025-03-28 06:00:00+00:00
92000,0.00000008,2025-03-28 06:00:00+00:00
94000,0.00000000,2025-03-28 06:00:00+00:00
98000,0.00000000,2025-03-28 06:00:00+00:00
102000,0.00000000,2025-03-28 06:00:00+00:00
50000,0.00000000,2025-03-28 07:00:00+00:00
60000,0.00000000,2025-03-28 07:00:00+00:00
65000,0.00000000,2025-03-28 07:00:00+00:00
70000,0.00000000,2025-03-28 07:00:00+00:00
75000,0.00000013,2025-03-28 07:00:00+00:00
80000,0.00001009,2025-03-28 07:00:00+00:00
83000,0.00011024,2025-03-28 07:00:00+00:00
84000,0.00034223,2025-03-28 07:00:00+00:00
85000,0.00000000,2025-03-28 07:00:00+00:00
86000,0.00000855,2025-03-28 07:00:00+00:00
87000,0.00024016,2025-03-28 07:00:00+00:00
88000,0.00007948,2025-03-28 07:00:00+00:00
90000,0.00001338,2025-03-28 07:00:00+00:00
92000,0.00000076,2025-03-28 07:00:00+00:00
94000,0.00000004,2025-03-28 07:00:00+00:00
95000,0.00000000,2025-03-28 07:00:00+00:00
96000,0.00000000,2025-03-28 07:00:00+00:00
98000,0.00000000,2025-03-28 07:00:00+00:00
100000,0.00000000,2025-03-28 07:00:00+00:00
104000,0.00000000,2025-03-28 07:00:00+00:00
105000,0.00000000,2025-03-28 07:00:00+00:00
110000,0.00000000,2025-03-28 07:00:00+00:00
120000,0.00000000,2025-03-28 07:00:00+00:00
130000,0.00000000,2025-03-28 07:00:00+00:00
300000,0.00000000,2025-03-28 07:00:00+00:00
